-- phpMyAdmin SQL Dump
-- version 4.0.10.6
-- http://www.phpmyadmin.net
--
-- Host: mysql1.alwaysdata.com
-- Generation Time: Jun 01, 2015 at 09:26 PM
-- Server version: 5.1.66-0+squeeze1
-- PHP Version: 5.3.6-11

SET SQL_MODE = "NO_AUTO_VALUE_ON_ZERO";
SET time_zone = "+00:00";


/*!40101 SET @OLD_CHARACTER_SET_CLIENT=@@CHARACTER_SET_CLIENT */;
/*!40101 SET @OLD_CHARACTER_SET_RESULTS=@@CHARACTER_SET_RESULTS */;
/*!40101 SET @OLD_COLLATION_CONNECTION=@@COLLATION_CONNECTION */;
/*!40101 SET NAMES utf8 */;

--
-- Database: `lecuistot_db`
--

-- --------------------------------------------------------

--
-- Table structure for table `categorie`
--

CREATE TABLE IF NOT EXISTS `categorie` (
  `idCategorie` int(11) NOT NULL AUTO_INCREMENT,
  `nomCategorie` varchar(30) NOT NULL,
  PRIMARY KEY (`idCategorie`)
) ENGINE=InnoDB  DEFAULT CHARSET=utf8 AUTO_INCREMENT=4 ;

--
-- Dumping data for table `categorie`
--

INSERT INTO `categorie` (`idCategorie`, `nomCategorie`) VALUES
(1, 'ENTREES'),
(2, 'PLATS CHAUDS'),
(3, 'DESSERTS');

-- --------------------------------------------------------

--
-- Table structure for table `composer`
--

CREATE TABLE IF NOT EXISTS `composer` (
  `idRecette` int(11) NOT NULL,
  `idIngredient` int(11) NOT NULL,
  `quantite` float DEFAULT NULL,
  PRIMARY KEY (`idRecette`,`idIngredient`),
  KEY `fk_idIngredient_COMPOSER` (`idIngredient`)
) ENGINE=InnoDB DEFAULT CHARSET=utf8;

--
-- Dumping data for table `composer`
--

INSERT INTO `composer` (`idRecette`, `idIngredient`, `quantite`) VALUES
(25, 34, NULL),
(25, 35, 100),
(25, 36, 2),
(25, 37, NULL),
(25, 38, 2),
(25, 39, 10),
(25, 40, 3),
(25, 41, 2),
(25, 42, 50),
(25, 43, 100),
(27, 38, 3),
(27, 44, 50),
(27, 45, 125),
(28, 45, 200),
(28, 46, 1),
(28, 47, 3),
(28, 48, 100),
(28, 49, 25),
(29, 34, 2),
(29, 35, 100),
(29, 38, 2),
(29, 43, 200),
(29, 50, 2),
(30, 38, 3),
(30, 51, 120),
(30, 52, 80),
(30, 53, 35),
(30, 54, 40),
(31, 38, 3),
(31, 52, 100),
(31, 55, 250),
(31, 56, 24),
(31, 57, 1),
(31, 58, 30);

-- --------------------------------------------------------

--
-- Table structure for table `ingredient`
--

CREATE TABLE IF NOT EXISTS `ingredient` (
  `idIngredient` int(11) NOT NULL AUTO_INCREMENT,
  `nomIngredient` varchar(255) NOT NULL,
  `mesureIngredient` varchar(30) DEFAULT NULL,
  PRIMARY KEY (`idIngredient`)
) ENGINE=InnoDB  DEFAULT CHARSET=utf8 AUTO_INCREMENT=61 ;

--
-- Dumping data for table `ingredient`
--

INSERT INTO `ingredient` (`idIngredient`, `nomIngredient`, `mesureIngredient`) VALUES
(34, 'pâte brisée', ''),
(35, 'jambon', 'grammes'),
(36, 'tomates', ''),
(37, 'fromage de chèvre', ''),
(38, 'oeufs', ''),
(39, 'crème liquide', 'cl'),
(40, 'sel', 'pincées'),
(41, 'poivre', 'pincées'),
(42, 'persil', 'grammes'),
(43, 'gruyère rapé', 'grammes'),
(44, 'ciboulette', 'grammes'),
(45, 'crème fraîche épaisse', 'grammes'),
(46, 'blanquette de veau', 'kg'),
(47, 'carottes', ''),
(48, 'champignons', 'grammes'),
(49, 'vin blanc', 'cl'),
(50, 'filets mignon de porc', ''),
(51, 'chocolat noir', 'grammes'),
(52, 'sucre', 'grammes'),
(53, 'beurre', 'grammes'),
(54, 'farine', 'grammes'),
(55, 'mascarpone', 'grammes'),
(56, 'biscuits cuillere', ''),
(57, 'café', 'litre'),
(58, 'cacao', 'grammes'),
(60, 'chèvre landouse', 'kf');

-- --------------------------------------------------------

--
-- Table structure for table `membre`
--

CREATE TABLE IF NOT EXISTS `membre` (
  `pseudo` varchar(255) NOT NULL,
  `mdp` varchar(255) NOT NULL,
  `email` varchar(255) NOT NULL,
  `token` varchar(255) DEFAULT NULL,
  PRIMARY KEY (`pseudo`)
) ENGINE=InnoDB DEFAULT CHARSET=utf8;

--
-- Dumping data for table `membre`
--

INSERT INTO `membre` (`pseudo`, `mdp`, `email`, `token`) VALUES
('aadamscd', '8ul1ENfC1', 'mpricecd@europa.eu', NULL),
('aalexander7e', '0LtX4A0otDBq', 'hmoreno7e@feedburner.com', NULL),
('aanderson5p', '1VTz9Q', 'dlewis5p@stanford.edu', NULL),
('aarmstrongd4', '54YvLz2p7K8', 'kcookd4@goodreads.com', NULL),
('abellri', 'L7StvGMzE', 'cbaileyri@wunderground.com', NULL),
('aboydcq', 'IOetH4', 'kfowlercq@photobucket.com', NULL),
('abrooks4p', 'wnVhTCe', 'jharrison4p@home.pl', NULL),
('abryantl7', 'h27c2AcTTeNv', 'tlewisl7@fotki.com', NULL),
('aburkeqe', '9rdMiKGmR', 'lgibsonqe@blog.com', NULL),
('acarrba', 'HyeTvc8rqI', 'colsonba@sfgate.com', NULL),
('acarter1h', '4mCbBDTVSMb', 'rcollins1h@amazon.com', NULL),
('acollinskv', 'HqlZMNO7AYXr', 'rtorreskv@blog.com', NULL),
('adanielsag', 'A7CFwx2xjxkq', 'aellisag@un.org', NULL),
('adeanff', 'LvKMxQfG', 'cpowellff@ow.ly', NULL),
('adiaz2o', 'TxDpSZX', 'bpatterson2o@google.fr', NULL),
('adixon6h', 'FwpqpH7', 'phunter6h@baidu.com', NULL),
('adunnno', 'DGlPeSDfEHk', 'rmedinano@weather.com', NULL),
('aedwards6q', 'xdNVTq0FIBY', 'jparker6q@bbc.co.uk', NULL),
('afisherdq', 'k1u0RhB3Z2hc', 'kburtondq@exblog.jp', NULL),
('afoxdd', 'u1STx2gWTVmx', 'lbishopdd@yahoo.com', NULL),
('afreemanen', 'FilWYmYFC', 'hmccoyen@ox.ac.uk', NULL),
('agarrett4n', '8pag6Ozz1', 'dturner4n@parallels.com', NULL),
('agarzaha', 'Hhh8pR1o1', 'clewisha@youku.com', NULL),
('aharper2s', 'Ih0CTtfs', 'jpayne2s@rediff.com', NULL),
('aharrismf', 'NAYL37B5M', 'jturnermf@rambler.ru', NULL),
('aharrison6t', '8qEqp7gNU', 'jwest6t@elpais.com', NULL),
('ahartcz', 'EJ13laAxUw7O', 'mcarpentercz@barnesandnoble.com', NULL),
('ahartgs', 'smcoOGd', 'bwestgs@squarespace.com', NULL),
('ahawkinso6', 'isuA7j', 'mjohnstono6@sourceforge.net', NULL),
('ahenry9g', 'BVpURkMeLxQ', 'jmoore9g@harvard.edu', NULL),
('ahicksbk', 'EhLl2kVaZYw', 'calvarezbk@smh.com.au', NULL),
('ahicksnn', 'dMPl4wU9eXms', 'rcruznn@dell.com', NULL),
('aholmesm9', '3caLVa', 'tkimm9@a8.net', NULL),
('ahudsonmh', 'ZSAscI22qNBm', 'jschmidtmh@nyu.edu', NULL),
('ajames4f', '8irOBa9', 'rbaker4f@webmd.com', NULL),
('ajenkins1w', 'aIwtMiu', 'nharper1w@disqus.com', NULL),
('ajohnstonkg', '4pdlf7', 'carnoldkg@vinaora.com', NULL),
('ajohnstonrf', 'iwOhDcQ', 'pmartinezrf@sfgate.com', NULL),
('akennedykt', 'bao593O2gx', 'cdunnkt@marketwatch.com', NULL),
('aking9v', 'bc4rHf', 'pgeorge9v@chronoengine.com', NULL),
('akinglm', 'EDVSn9', 'dhenrylm@uiuc.edu', NULL),
('alawrence92', 'EMrmDI', 'towens92@google.co.uk', NULL),
('alawrencean', 'yrLw6p4Zuhe', 'mwilliamsonan@dot.gov', NULL),
('amarshallls', 'B2sBiLEV', 'jdiazls@ask.com', NULL),
('amccoyo0', 'aOcUfvIu1vgP', 'mwatsono0@google.com', NULL),
('amendoza9n', 'Aq2pKa', 'cmyers9n@storify.com', NULL),
('ameyerbm', '63y1IufbW89', 'mcruzbm@vk.com', NULL),
('ameyerf8', 'KzqKd4', 'srobinsonf8@cnet.com', NULL),
('amills4q', 'Hmas63', 'sfoster4q@google.fr', NULL),
('amillsk9', 'g4Dv8GEl', 'jrobinsonk9@dropbox.com', NULL),
('amoorehg', 'Id8cmB14Fimt', 'psullivanhg@china.com.cn', NULL),
('amorales91', 'yy3sXET8dBDB', 'jreid91@answers.com', NULL),
('amurphyk7', 'ivo24VLLd', 'hbennettk7@house.gov', NULL),
('amyers3z', 'hoSBqg', 'nharper3z@goo.ne.jp', NULL),
('anguyen83', 'TGXDNInIyl', 'rfranklin83@umich.edu', NULL),
('aparkerlh', 'S5m3lf8', 'awrightlh@mayoclinic.com', NULL),
('apattersonjw', 'JBrXFVlV', 'sgibsonjw@mtv.com', NULL),
('aperez7l', 'QU3q6Ay', 'jcastillo7l@seattletimes.com', NULL),
('aperkins55', '7C3813OszZP', 'cday55@histats.com', NULL),
('aperkinscs', 'MbQ4kEiToNmU', 'kcollinscs@cocolog-nifty.com', NULL),
('aperkinspc', '2j2I0lBzv', 'apowellpc@dyndns.org', NULL),
('aperry6k', 'DDlUe7EKLW', 'dfrazier6k@guardian.co.uk', NULL),
('aperryiw', 'tN8cfSl', 'jchapmaniw@ow.ly', NULL),
('apowell9d', '9eucbvHcCp4', 'jkelley9d@npr.org', NULL),
('areid14', 'ftDpDvW', 'bwilson14@e-recht24.de', NULL),
('aricegj', 'fJO1vE', 'cvasquezgj@artisteer.com', NULL),
('ariceql', 'pTIa86R8', 'afisherql@diigo.com', NULL),
('ariverae9', '0YN7gVZN', 'hdixone9@businesswire.com', NULL),
('aroberts50', 'Xe1aSZHgw', 'kwatson50@clickbank.net', NULL),
('arobinsonai', 'jDysvTPGl', 'asimpsonai@oaic.gov.au', NULL),
('arobinsonde', 'l6KMcR4C', 'mjacksonde@studiopress.com', NULL),
('arosens', 'ebl356mSKCd', 'tgriffinns@state.tx.us', NULL),
('aschmidtk2', 'qHJjJT6rFvOT', 'mbarnesk2@npr.org', NULL),
('aspencerli', '2AShLQIEQ', 'jlarsonli@so-net.ne.jp', NULL),
('avasquezo7', 'pnxqL9j', 'aharriso7@guardian.co.uk', NULL),
('awalker44', 'QqW33Br0yw9', 'ahernandez44@friendfeed.com', NULL),
('awarrenbz', 'FqL052SUqPe5', 'astewartbz@washington.edu', NULL),
('awatsonw', 'ysiMSqDt', 'mdixonw@t-online.de', NULL),
('awhitenv', 'kIuUh3bH', 'mdunnnv@theguardian.com', NULL),
('awillis8i', 'EFcJVYMzH3b', 'ghansen8i@washingtonpost.com', NULL),
('awood1s', 'SbQdmsu', 'jgreen1s@walmart.com', NULL),
('awoodhf', 'PCzv59SsZ', 'lsimpsonhf@dailymail.co.uk', NULL),
('awoodsz', '902Wv9CZ8sqP', 'agordonz@alibaba.com', NULL),
('awright7y', 'sWfc7E', 'egreen7y@europa.eu', NULL),
('ayoungfb', 'HFZSLIVsL3ka', 'gwillisfb@elegantthemes.com', NULL),
('badams6v', 'cIAsEDeDZ1l', 'csanders6v@nyu.edu', NULL),
('balexander19', 'MbeZ8Vm', 'nnelson19@nasa.gov', NULL),
('ballenoo', 'GCu2addtsL', 'dhayesoo@yellowpages.com', NULL),
('balvarezjf', 'uFYls0W94', 'dmedinajf@over-blog.com', NULL),
('bbaileydc', 'jO4YRT', 'adaydc@elpais.com', NULL),
('bbennettoi', 'we2s9py', 'cdixonoi@yale.edu', NULL),
('bboydco', '2GValkBzh2b', 'mkelleyco@com.com', NULL),
('bbrowna6', '5XarLxaizaV', 'wcampbella6@ibm.com', NULL),
('bburkeoj', 'yDpcgf6n', 'blaneoj@com.com', NULL),
('bchavez45', 'dVmTDlQ9UfDY', 'jbailey45@nature.com', NULL),
('bdunnaw', 'Xgdc0CXd', 'rhowardaw@rediff.com', NULL),
('belliottif', 'GyRDYRdt', 'gspencerif@artisteer.com', NULL),
('bfisher5h', '3WMcLrHmKW', 'jjohnston5h@wikia.com', NULL),
('bfordn8', 'q1OU0C', 'hfloresn8@geocities.jp', NULL),
('bfreeman2q', 'jqdJGDoBIFn2', 'wtorres2q@typepad.com', NULL),
('bgibson3y', 'StTUlMZZNrou', 'pfernandez3y@hugedomains.com', NULL),
('bgilbertml', 'LNhc8WtO', 'jhillml@bluehost.com', NULL),
('bgonzalezi', 'T2BVfOspvYAM', 'jalexanderi@yandex.ru', NULL),
('bgreen80', 'PiUDMYcML', 'jcoleman80@oracle.com', NULL),
('bgreenga', 'gHtuIQ', 'mramirezga@paginegialle.it', NULL),
('bhanson41', '3eOcU6QM', 'eadams41@dropbox.com', NULL),
('bhayes2l', 'H0CM3ane53tn', 'jcooper2l@guardian.co.uk', NULL),
('bjonesey', '9BNXo49sqIqo', 'jgreeney@bizjournals.com', NULL),
('bkelleyj9', 'LxjjhOJGNqz', 'jreidj9@noaa.gov', NULL),
('bkimhy', '84YBV6F', 'kharperhy@bloomberg.com', NULL),
('blyncha3', 'CM0QIHdLt', 'jgeorgea3@fastcompany.com', NULL),
('bmcdonald99', 'vLPZFkzFvCCD', 'jfields99@state.gov', NULL),
('bmoralesmr', 'Go7COAGX', 'dcolemr@bluehost.com', NULL),
('bmorrisog', 'TTI48kHts', 'mwatsonog@rakuten.co.jp', NULL),
('bpalmerqk', 'xyu4NX2X', 'balvarezqk@sphinn.com', NULL),
('bparkerg8', 'YyHKEoTOZ', 'bcarterg8@zdnet.com', NULL),
('bpayne2a', 'N7ct0u7', 'jrodriguez2a@theguardian.com', NULL),
('bperryf6', 'cNRjQJic2rK5', 'rblackf6@msn.com', NULL),
('bpetersonhm', 'gq4PI9Dunpo', 'tmartinezhm@google.com.au', NULL),
('bphillipsia', 'DG1jrAmgvg5', 'jmorrisia@rambler.ru', NULL),
('bporter5n', 'FE3TGwBYUBya', 'gfernandez5n@xinhuanet.com', NULL),
('bpowellfl', 'o6swtr0155', 'rbryantfl@ftc.gov', NULL),
('briveraa2', 'Kypd0su', 'hhansena2@nps.gov', NULL),
('brossrm', 'ffJNBT5pG8', 'rhernandezrm@wikia.com', NULL),
('brussellg1', 'DRjoqYnMO', 'pramosg1@thetimes.co.uk', NULL),
('bsimsdm', 'Pfoh870GtXlE', 'jcolemandm@ameblo.jp', NULL),
('bsimsf9', 'ZiFObVYjnf', 'cmillerf9@godaddy.com', NULL),
('bspencerpv', 'VeFdi9RX', 'hwardpv@last.fm', NULL),
('bstanleyiy', 'Wefh64sMbbba', 'wtorresiy@elegantthemes.com', NULL),
('bstewartko', 'yeyR3SSSkrn', 'afranklinko@unblog.fr', NULL),
('bsullivan21', 'kQXB65nItal', 'hsimmons21@wikipedia.org', NULL),
('btaylorc', 'wrIlmCr', 'kpiercec@apple.com', NULL),
('bwashington82', 'b3kWtMcu2', 'ejackson82@angelfire.com', NULL),
('bwoodspw', 'YDhORq', 'idiazpw@lycos.com', NULL),
('cadams7b', 'G9pOziTijj', 'egonzales7b@nyu.edu', NULL),
('carmstrong6j', 'Yx57RrHvwCz', 'sfrazier6j@sina.com.cn', NULL),
('cbailey1k', 'd5Rzdb27', 'rbennett1k@google.it', NULL),
('cbowmanm3', 'llkhVQ8XSel', 'tbryantm3@barnesandnoble.com', NULL),
('cburns78', 'IQZuizXgzVi', 'dstanley78@so-net.ne.jp', NULL),
('cburnsjv', 'MlGi9g3Xj', 'ghalljv@upenn.edu', NULL),
('ccarpenter6l', 'IzEfqbTZhW', 'jfowler6l@multiply.com', NULL),
('ccarrolln1', 'wUG85HM', 'tpetersn1@accuweather.com', NULL),
('ccastillo32', '0awAhKJ5Ah', 'mmyers32@fotki.com', NULL),
('cchavez3f', 'a1fkJH', 'eprice3f@fotki.com', NULL),
('cchavez8v', 'OgGlehy4JE', 'jharrison8v@artisteer.com', NULL),
('ccollinsra', 'iUfOUG8vPH', 'dtaylorra@fotki.com', NULL),
('ccooperlq', '25Kb5k', 'mbutlerlq@aboutads.info', NULL),
('ccruz1e', 'JqIll219U', 'lcrawford1e@spotify.com', NULL),
('cdunng', 'n5UcKdQ', 'rcrawfordg@ed.gov', NULL),
('celliottjx', 'GjXJV0d3RK5', 'fmatthewsjx@apple.com', NULL),
('cfloresad', '0OEyijR3HJK', 'hwatsonad@bandcamp.com', NULL),
('cfoster2f', 'rZHbqyH2u', 'showell2f@elpais.com', NULL),
('cfowler8t', 'cr8s5j', 'msmith8t@vinaora.com', NULL),
('cfowlerfd', 'KH0JL4', 'jbradleyfd@eventbrite.com', NULL),
('cfrazier2b', 'KB9NmvVqeeo', 'vwheeler2b@angelfire.com', NULL),
('cgilbert1o', 'gLL6P7nZETz', 'kstephens1o@youku.com', NULL),
('cgordono3', 'NpO6K8dA1', 'dchavezo3@de.vu', NULL),
('cgrantdx', '3Jnsb4f4TLT', 'vperrydx@gnu.org', NULL),
('cgray5c', 'PwigPA1sF', 'jmiller5c@php.net', NULL),
('charrisdo', 'DzPxTfk14414', 'mgarrettdo@bandcamp.com', NULL),
('charrison8s', '4U1xfRJ', 'drodriguez8s@mozilla.com', NULL),
('chart56', 'j3InqSKiX9O', 'grivera56@foxnews.com', NULL),
('chernandezrj', 'pfhWzG', 'cbarnesrj@java.com', NULL),
('chicks1p', '6fIj2HJ4GoFz', 'awarren1p@dropbox.com', NULL),
('chuntdy', 'tGTQQNzB1H', 'rfullerdy@businesswire.com', NULL),
('cjackson3i', 'DCp7Ogey81x', 'ebennett3i@washingtonpost.com', NULL),
('cjordan11', 'b0kxC6C', 'jnguyen11@trellian.com', NULL),
('cjordanh3', 'PGT2VJlKtjl8', 'jroseh3@pbs.org', NULL),
('cjordanr4', 'rDV7eQ7d', 'cwardr4@pen.io', NULL),
('ckimpo', 'XWiVLPq', 'hperezpo@theglobeandmail.com', NULL),
('clanei5', 'BfCKfDypbnY', 'cgarzai5@slate.com', NULL),
('clawson35', 'I5UqXCD', 'wrodriguez35@phpbb.com', NULL),
('cleedv', '8ztZiZ', 'tharperdv@github.com', NULL),
('clittle6o', 'hsJ4DX0knD', 'cdiaz6o@newsvine.com', NULL),
('cmartinez5w', 'QxCEN6ovKbt', 'mdean5w@ox.ac.uk', NULL),
('cmartinezmk', '2QlrxBvxG', 'lbennettmk@cocolog-nifty.com', NULL),
('cmartineznh', 'HuJIypnRfonU', 'srichardsnh@nih.gov', NULL),
('cmcdonaldmo', 'laPh7pfbil54', 'khowellmo@economist.com', NULL),
('cmedinac7', 'bw4NjfTj4', 'jriverac7@technorati.com', NULL),
('cmedinahk', 'umzoFuLlNpG', 'ssnyderhk@tinypic.com', NULL),
('cmedinajs', 'BLKymIuqmJ', 'landrewsjs@blogtalkradio.com', NULL),
('cmendozadu', '8cPEDlIgJW', 'jpetersondu@jimdo.com', NULL),
('cmontgomeryla', '6Qq1sZUVY', 'cpaynela@google.cn', NULL),
('cmorales8h', 'rpDTR7Xm', 'salexander8h@chron.com', NULL),
('cmyers2v', 'ctXHmTtMGYSX', 'mallen2v@amazon.com', NULL),
('cmyers9k', 'S5Bh14r6MU', 'nbowman9k@nhs.uk', NULL),
('cnelsonrk', '47mNEWqoa', 'amoorerk@about.com', NULL),
('cnguyen6z', 'G1aI2k5xa', 'jmedina6z@deliciousdays.com', NULL),
('cnguyenby', 'rlHiAfrq0', 'rgarzaby@ft.com', NULL),
('cowensgf', '1SUV5ByzZ', 'ngardnergf@cocolog-nifty.com', NULL),
('cpayneiu', 'yvwqo6yFYBeL', 'dlynchiu@reference.com', NULL),
('cpaynepr', '7lNa5h', 'mflorespr@t.co', NULL),
('cphillipsa9', 'pnQj3MK411', 'delliotta9@symantec.com', NULL),
('cramos88', '2bUO6n2', 'jthomas88@shinystat.com', NULL),
('crobertson5e', 'FvUzCPyxNP', 'tgilbert5e@taobao.com', NULL),
('crodriguez9r', '3SoCQm6p', 'jrichards9r@ovh.net', NULL),
('cromero7w', 'k2l4EJd', 'jfuller7w@tmall.com', NULL),
('crosepd', 'w7FWa9eHHU', 'lmorrispd@sciencedirect.com', NULL),
('csandersdt', 'Zt2CohB', 'cwillisdt@acquirethisname.com', NULL),
('cshaw9w', 'Xq45aG', 'bboyd9w@fastcompany.com', NULL),
('csimmonsd6', 'vWS44H', 'rsnyderd6@photobucket.com', NULL),
('csimpsonfu', 'dneq81gs', 'rcarrfu@weibo.com', NULL),
('csimskh', 'cRWyUo67XFo', 'cclarkkh@google.co.uk', NULL),
('cspencerb', 'GhEdzq', 'ejonesb@godaddy.com', NULL),
('cspencergx', 'Rdit5zQG', 'msimmonsgx@domainmarket.com', NULL),
('cstephens2t', 'hBFuLHpqHivq', 'talvarez2t@unicef.org', NULL),
('cstone7i', 'evspDxcPQd', 'apierce7i@newsvine.com', NULL),
('csullivancy', 'CXZnUioTz', 'pwheelercy@zdnet.com', NULL),
('ctaylorb2', 'TnXoyfMYfl', 'lhenryb2@merriam-webster.com', NULL),
('ctaylorb4', 'xFJNyp', 'jlawrenceb4@amazonaws.com', NULL),
('ctorresqo', 'DwjXf1wPpQT', 'bmasonqo@latimes.com', NULL),
('ctuckerlz', 'DqxX5r2SMi8A', 'lmillslz@etsy.com', NULL),
('cturnerg3', 'R36YOcT6dL', 'ebradleyg3@nyu.edu', NULL),
('cwalker3n', 'nKuPsJnEHZDu', 'bbowman3n@google.pl', NULL),
('cwalkerm2', 'WhGRonTOxR', 'llongm2@gnu.org', NULL),
('cwilliamsonr6', 's3EgLH', 'gcarpenterr6@acquirethisname.com', NULL),
('cwilsonqh', 'MBHfCFogZE5S', 'jsullivanqh@sciencedaily.com', NULL),
('cyoungaf', 'vtgmJ3fX2DQj', 'jowensaf@1und1.de', NULL),
('cyoungob', 'lqjJG4M62gX', 'mburtonob@marriott.com', NULL),
('dandersonjo', 'CXmDYq', 'cmarshalljo@myspace.com', NULL),
('darmstrong39', 'e7l5s37BD5', 'dalexander39@cornell.edu', NULL),
('darmstrongjh', 'Vip6znt1', 'bgibsonjh@go.com', NULL),
('dbanks9i', '4xsxYfb', 'wcampbell9i@scientificamerican.com', NULL),
('dbarneses', 'rtqNQ4', 'mperezes@1688.com', NULL),
('dburke3p', 'P0c1n3H', 'rmatthews3p@hexun.com', NULL),
('dburtonm1', 'u4Jw9YM2B', 'pgordonm1@fc2.com', NULL),
('dcarrhc', 'gog7xWza8H', 'dwalkerhc@usnews.com', NULL),
('dcoleman8n', 'SNKlqQD58V', 'tharris8n@addtoany.com', NULL),
('dcollinsiz', 'WZWAOSO5eyX', 'kburkeiz@digg.com', NULL),
('dcooperf7', 'gldYFy', 'ebellf7@cdc.gov', NULL),
('dcrawfordji', '0chESF7o1d', 'mmorganji@liveinternet.ru', NULL),
('ddayfx', 'krU3SoA', 'mreedfx@sogou.com', NULL),
('delliott8q', 'Qmt5QAc', 'aroberts8q@storify.com', NULL),
('dfergusonj8', 'ncZcnJeu84', 'lgonzalezj8@livejournal.com', NULL),
('dfergusonmv', 'yIxtNf', 'mkelleymv@cnbc.com', NULL),
('dfieldsis', 'txpUl1', 'kbanksis@upenn.edu', NULL),
('dflores6e', 'clHU1NSzUXUk', 'jcarpenter6e@umich.edu', NULL),
('dfloresqp', 'uvq5WbH', 'wcarrqp@fema.gov', NULL),
('dfosteraz', 'ITdRNhnR2u', 'tcarraz@skyrock.com', NULL),
('dfoxk', 'kmIJDmdr0', 'gwilliamsk@reference.com', NULL),
('dfranklinhq', 'XxTz6ZEb', 'asimmonshq@time.com', NULL),
('dfranklinrc', '62N8IP0', 'lwillisrc@shutterfly.com', NULL),
('dgardnerho', 'alRgPdBOwfE', 'gburkeho@bravesites.com', NULL),
('dgreenekb', 'C3ahkx2KIzs', 'jweaverkb@webmd.com', NULL),
('dgutierrezbt', 'Mh7ZHNt', 'ccruzbt@japanpost.jp', NULL),
('dgutierrezpg', 'iqNZE3AN', 'kwillispg@e-recht24.de', NULL),
('dhamiltonks', 'nn8hXqHw9BP', 'ssnyderks@google.it', NULL),
('dhawkins1', 'Fq2FVDHz9E', 'gpalmer1@intel.com', NULL),
('dhawkinsgz', 'Zh3kwgSz', 'jfullergz@wufoo.com', NULL),
('dhill77', 'EiCJO4', 'wwagner77@hao123.com', NULL),
('dholmesos', 'oaWger3rfAw8', 'trogersos@stumbleupon.com', NULL),
('djohnston3x', 'qaA5ijs5', 'wduncan3x@ucla.edu', NULL),
('djohnstonbq', 'aKdRPaBcZ', 'cstanleybq@patch.com', NULL),
('dkelleyln', '6WnwRbIimzt', 'glewisln@mapy.cz', NULL),
('dleeq2', '40I6QR7Y', 'kbrownq2@elegantthemes.com', NULL),
('dlittlem7', 'QXKsSh2YrhY', 'pramirezm7@patch.com', NULL),
('dlopez1c', '4Ezjxsu1', 'gramos1c@desdev.cn', NULL),
('dlopezhb', 'j9KRC3', 'bchapmanhb@marriott.com', NULL),
('dlynchpj', '8jeyjxJC4', 'jwatsonpj@people.com.cn', NULL),
('dmartinezdz', 'XTVOtLlUSjnc', 'knguyendz@typepad.com', NULL),
('dmatthewsnz', 'YhE7dSv', 'kwilliamsnz@prlog.org', NULL),
('dmeyerit', 'EdgUNSXETm5b', 'bpattersonit@soup.io', NULL),
('dmorrisci', 'ZGyd81yZr8', 'mgutierrezci@msu.edu', NULL),
('dmorrisgb', 'DjwaFQR', 'dcollinsgb@nationalgeographic.com', NULL),
('dortizoy', 'HiIpvDIDMor', 'arichardsonoy@imageshack.us', NULL),
('dparker5s', 'Nh78qEcIM4Uz', 'sgonzales5s@yandex.ru', NULL),
('dpayne9m', '8LrK7w', 'twarren9m@berkeley.edu', NULL),
('dphillipsi2', 'OYnZL6', 'radamsi2@mashable.com', NULL),
('dramirezjl', 'OxwM7z9bD9Ac', 'plewisjl@webnode.com', NULL),
('dreido1', 'uQAKeQt', 'kryano1@comcast.net', NULL),
('drichards8g', '3GbMdEkzgF2', 'rpayne8g@tripadvisor.com', NULL),
('drichardsgu', 'mR1HLiscVr', 'jsnydergu@foxnews.com', NULL),
('drichardsonck', 'QnpbHnN', 'jperkinsck@sitemeter.com', NULL),
('drobinson7g', '9BOStRmpY6w', 'joliver7g@blog.com', NULL),
('drogersqg', 'PuNtmHI3h', 'rstephensqg@wufoo.com', NULL),
('drossm8', 'T59PeEYdC', 'mpetersm8@nytimes.com', NULL),
('dsimmons1d', '0TEyrpGJU', 'jgarcia1d@pen.io', NULL),
('dwardcx', 'LKf2H0', 'agonzalezcx@house.gov', NULL),
('dwatsonl3', '1SzDS3gy', 'sfordl3@edublogs.org', NULL),
('dwebb1f', 'NAfwG6SrAL', 'aroberts1f@miibeian.gov.cn', NULL),
('dwelch3q', 'l65kyNqOpkgU', 'jgardner3q@google.nl', NULL),
('dwellsf2', 'x2jFH2xZ4', 'mstewartf2@desdev.cn', NULL),
('dwest2', 'SUpyUwsMk2', 'agonzales2@printfriendly.com', NULL),
('dwheeler7k', 'LPHWutK4NAUC', 'npatterson7k@weebly.com', NULL),
('dwheelercl', 'pVZ7tJ', 'thickscl@engadget.com', NULL),
('dwheeleret', 'QUYVGDeKjy', 'bmitchellet@techcrunch.com', NULL),
('dwilliams4c', 'Pe5EU6Edp', 'twatson4c@wordpress.com', NULL),
('dwillisp', 'cts3Q1', 'ksanchezp@nationalgeographic.com', NULL),
('dwooddg', 'sdUQvSN2e9', 'pwhitedg@ebay.co.uk', NULL),
('dwoodro', 'wEIZexPic', 'afrazierro@scribd.com', NULL),
('dyoung6a', 'bFoonufAH5', 'wcarroll6a@woothemes.com', NULL),
('eadams7h', 'FxLJSpwb', 'dchapman7h@theguardian.com', NULL),
('ealexandernt', 'g9SbaEIT', 'dlewisnt@chron.com', NULL),
('eallened', 'ZLLuusR', 'ehilled@nature.com', NULL),
('eanderson9s', 'uA2FhPRz', 'rcoleman9s@harvard.edu', NULL),
('earmstrongq7', 'vjHleeTy', 'wgordonq7@thetimes.co.uk', NULL),
('ebaker18', 'rwZWH5Vm', 'akim18@who.int', NULL),
('ebradley5k', 'na6njaqW', 'rking5k@friendfeed.com', NULL),
('ebrooksrq', 'Bzr1y5', 'nolsonrq@wikispaces.com', NULL),
('ecarpenter5v', 'q7d3h0Fu', 'lsmith5v@taobao.com', NULL),
('eedwardse1', 'A6wL2N', 'nchaveze1@creativecommons.org', NULL),
('efowler9c', 'vd1Fi9eW6uZ', 'speterson9c@buzzfeed.com', NULL),
('efoxp6', '7LbPQDYQ', 'awoodp6@jigsy.com', NULL),
('efranklinx', 'b21FivdJwV', 'lolsonx@apple.com', NULL),
('egibson65', 'wlQSbqj', 'aflores65@theglobeandmail.com', NULL),
('egonzaleso8', 'tWbM4x', 'creido8@symantec.com', NULL),
('egonzalespx', 'uxctfvpne9VJ', 'jsimpsonpx@smugmug.com', NULL),
('eharrisok', '5jVtQ6pyqFQ1', 'eryanok@altervista.org', NULL),
('ehawkinsjy', 'pTX8wOX', 'shunterjy@wordpress.org', NULL),
('ehendersonmz', 'Ck0m38Y9', 'rrodriguezmz@ed.gov', NULL),
('ehillqw', 'FM1Kcu', 'rjonesqw@yolasite.com', NULL),
('ehowardgi', '8OSKNDFF0', 'jstephensgi@ycombinator.com', NULL),
('ejamesqj', '6sdUiLZUQ348', 'woliverqj@virginia.edu', NULL),
('ejohnson2g', 'ObdZLOH', 'klawrence2g@amazon.co.jp', NULL),
('ejordanpl', 's809TaDbND', 'khallpl@intel.com', NULL),
('ekellyk0', 'TXatPN3Vboz', 'wstanleyk0@over-blog.com', NULL),
('elanenx', 'z4WjsP', 'hnelsonnx@slideshare.net', NULL),
('enguyenkp', '6SFHGy', 'ctuckerkp@nytimes.com', NULL),
('eolson4b', 'xrz95Ay', 'jhughes4b@nifty.com', NULL),
('eowens1z', 'Yzcyqp5f', 'rbryant1z@google.cn', NULL),
('epowellfw', 'q78UaTAIV', 'brichardsfw@unblog.fr', NULL),
('erobertshw', 'CmVkkiP', 'erodriguezhw@blogs.com', NULL),
('esanchezqq', '9I4MPI6S4', 'earnoldqq@un.org', NULL),
('eshawlg', 'NcuDfXvn393R', 'rmurraylg@prlog.org', NULL),
('esimsfm', 'WOVnaMmhWqb', 'aporterfm@nba.com', NULL),
('estewartqf', 'IsgupP', 'dmarshallqf@devhub.com', NULL),
('ethompsonpi', 'MvDSEutbuDC', 'cnicholspi@biglobe.ne.jp', NULL),
('ewoody', 'wMGD82', 'pjenkinsy@icio.us', NULL),
('eyoungl0', '9DtAh1RL', 'delliottl0@amazonaws.com', NULL),
('farmstronghz', 'SzhkZ3c', 'ddayhz@bigcartel.com', NULL),
('fbaker6n', '61TVabMx', 'jlopez6n@salon.com', NULL),
('fberryjm', 'tQNM5u53', 'dwalkerjm@is.gd', NULL),
('fboydgy', 'egQ7yd2l', 'jevansgy@msn.com', NULL),
('fburkerl', 'uK8o1d', 'stuckerrl@fema.gov', NULL),
('fcarr3u', 'ZdkXAl', 'kfox3u@goo.ne.jp', NULL),
('ffisherlr', 'h0jbxO9pP', 'ahalllr@networkadvertising.org', NULL),
('ffowlerhx', 'elsz1drKL', 'jwheelerhx@fema.gov', NULL),
('ffox9y', 'Qg86LqrsN', 'ccarter9y@usatoday.com', NULL),
('fgeorge6w', '7TOLPduh7', 'jfernandez6w@cisco.com', NULL),
('fhenderson8y', 'h0TjZi', 'cbowman8y@epa.gov', NULL),
('fhernandezlk', 'yQ59bZVzu', 'hwellslk@godaddy.com', NULL),
('fhowardp2', 'DYFwXPn', 'vperezp2@pinterest.com', NULL),
('fshawiv', 'SWNfv146PY', 'jcooperiv@over-blog.com', NULL),
('fward4a', 'y7BzAoxmLP', 'jgarrett4a@networkadvertising.org', NULL),
('fwardjg', 'tDnYwhNGv2J', 'lburtonjg@prnewswire.com', NULL),
('gaetan', '8ccd13098305f7fadd4fdccc2da60bfdfa8d8d20', 'gaetan.philippe1@gmail.com', NULL),
('gallenpn', 'wRy8xU96mUk', 'cjohnstonpn@google.cn', NULL),
('gaustin29', '4CngRM3PTH', 'hwalker29@vk.com', NULL),
('gburtondl', 'KNrKSX69', 'dbishopdl@unc.edu', NULL),
('gcarrollcr', 'Qc5E3BZSiw', 'cwagnercr@geocities.com', NULL),
('gclarke0', 'Pq8h4VIFp', 'vkennedye0@trellian.com', NULL),
('gellisc8', 'ZIkL2lt0', 'vholmesc8@hexun.com', NULL),
('ggarrett40', 'fmFogwkYJY', 'glopez40@auda.org.au', NULL),
('ggilbertbr', 'hAsmXXGotP', 'dwilsonbr@harvard.edu', NULL),
('ggraya0', 'NR0GH3uq', 'jburtona0@360.cn', NULL),
('ghoward20', '5Vie8vls', 'dblack20@google.com.au', NULL),
('glittlemi', 'rwFzmc', 'hjenkinsmi@ocn.ne.jp', NULL),
('gmoraleseq', '05lOiGeum', 'ggriffineq@ezinearticles.com', NULL),
('gperkins1q', '6ruqnSDG', 'jchapman1q@discuz.net', NULL),
('greedn2', 'Q8YnQ9UzWx', 'bkimn2@webmd.com', NULL),
('gromero1g', 'B6kBIoLEtVBP', 'chowell1g@blogger.com', NULL),
('gromerol4', 'KdOIEDd', 'dharrisonl4@wired.com', NULL),
('gromeron6', 'SkpgAHDsasZ6', 'dwebbn6@deliciousdays.com', NULL),
('gromeroq1', '0TIpTcJ', 'lwarrenq1@flickr.com', NULL),
('gthompson6f', 'gXI18Ui52IR', 'wowens6f@mysql.com', NULL),
('gwagnerfp', '2V6wtrsy', 'carmstrongfp@barnesandnoble.com', NULL),
('gwarrenav', 'XQSN9NV', 'melliottav@java.com', NULL),
('gwashingtonn3', 's6iUnn9pLaPc', 'dallenn3@about.com', NULL),
('gwatsonq3', 'Z29TiO0', 'amasonq3@marriott.com', NULL),
('hbellgg', 'ygehZo', 'jburkegg@google.pl', NULL),
('hbryantnu', 'MKMLSGCnVh5', 'ehansennu@usatoday.com', NULL),
('hcarr2m', 'ePe9nlW', 'rstephens2m@stanford.edu', NULL),
('hfergusonr9', 'MZpMJxL', 'jwallacer9@google.nl', NULL),
('hfullerbc', 'C8QLemrPzuC', 'cpalmerbc@webnode.com', NULL),
('hgarciad8', 'y2ab1MDoHRG', 'mhowardd8@webnode.com', NULL),
('hgomez7s', 'nXVtEJ', 'mfuller7s@mysql.com', NULL),
('hgordon90', '1iNiKzC4RPw', 'rstewart90@feedburner.com', NULL),
('hgutierrezgd', 'CpMghn', 'kdixongd@vk.com', NULL),
('hjohnsonjz', 'rPOKVgrvwHGa', 'jlynchjz@google.es', NULL),
('hjordanr5', 'zxoKufaaZ', 'kgrahamr5@delicious.com', NULL),
('hknighta5', '2UyqGJ', 'jdunna5@google.com.br', NULL),
('hmurphynl', 'j0taNZGB', 'mdixonnl@chron.com', NULL),
('hmurray5g', '82MvveHf', 'fweaver5g@skyrock.com', NULL),
('holiver48', '1zvnXdEb', 'lgarrett48@state.tx.us', NULL),
('holsonl2', '3PNCjlhUDPGU', 'ghudsonl2@ebay.com', NULL),
('hreid5m', 'pbkbzh2M7k', 'charrison5m@slate.com', NULL),
('hrichardslx', 'MMtMdGcpmYTR', 'tdiazlx@amazon.co.jp', NULL),
('hrobinsonot', 'jYd62fj8vS', 'jlynchot@51.la', NULL),
('hrogerseo', '8YxzKm', 'kgeorgeeo@lulu.com', NULL),
('hstewartjc', '9BnQGD', 'pbanksjc@tumblr.com', NULL),
('hstonen7', 'lFHw1RtT', 'wgrantn7@ucoz.ru', NULL),
('hturnernc', 'yNc1F7yaH', 'jolivernc@shutterfly.com', NULL),
('hvasquez4w', 'ODtITb14qjXh', 'nramos4w@google.nl', NULL),
('hwallace4e', 'v7xyOfCCfvg', 'mreed4e@imgur.com', NULL),
('hwheelercn', 'lhHwCb', 'areidcn@a8.net', NULL),
('hwillisfz', 'XncljirH', 'rlittlefz@csmonitor.com', NULL),
('iarnoldev', '6Q6SyI96', 'jmatthewsev@seesaa.net', NULL),
('ichavezej', 'FZziXUiz4', 'mfreemanej@fc2.com', NULL),
('igarciagq', 'NNKzKa', 'jbaileygq@ow.ly', NULL),
('ilaneju', 'tngxW6FIYdy', 'bgutierrezju@yolasite.com', NULL),
('ipalmer24', '2EjzKXIaJ', 'tturner24@booking.com', NULL),
('iwebb8w', 'RbZFEj1sTqvn', 'acarr8w@zimbio.com', NULL),
('jalexanderbn', 'RdPeUkzX', 'sphillipsbn@cisco.com', NULL),
('jandersonoe', 'LSHs2n2CR', 'sberryoe@over-blog.com', NULL),
('jandrewsab', 'Y2yXyrf', 'lnelsonab@tinyurl.com', NULL),
('jandrewsd7', 'K89DNMx5yUL', 'awheelerd7@mysql.com', NULL),
('jarmstrong5y', 'qn8rntl8m1OY', 'jschmidt5y@sohu.com', NULL),
('jarnold34', 'abVoRAk4pM45', 'jsimpson34@mashable.com', NULL),
('jaustin2e', 'ai7mx9fu', 'hbaker2e@blogtalkradio.com', NULL),
('jbakerj0', 'sBxLiamihW', 'jjonesj0@cpanel.net', NULL),
('jberryly', '5qHYooPa3', 'kmasonly@nsw.gov.au', NULL),
('jbishop6c', '6d0F8q49k', 'kbishop6c@nytimes.com', NULL),
('jboydma', 'mcc3q4DVr', 'dowensma@tumblr.com', NULL),
('jboydr1', 'cPLZXk9Kvpfg', 'dsimmonsr1@oakley.com', NULL),
('jbrooks1i', 'rQJvmS', 'pmartin1i@google.com.au', NULL),
('jbrookshr', 'uKRgCadkRSf', 'jharrisonhr@dmoz.org', NULL),
('jbrownij', 'f2jGaLAGmQbl', 'rmedinaij@eepurl.com', NULL),
('jbryant43', 'LVtP00Lo', 'jwest43@flavors.me', NULL),
('jburke8d', '75sItq', 'snelson8d@wikimedia.org', NULL),
('jcarterq9', '3HuxVeuraoqf', 'rwilliamsonq9@hugedomains.com', NULL),
('jcastilloh0', 'SaLXTe7', 'brichardsonh0@kickstarter.com', NULL),
('jcastillojd', 'NUCsQv17Kx', 'kbelljd@hugedomains.com', NULL),
('jcollinscu', 'gOmsZE', 'bfullercu@buzzfeed.com', NULL),
('jcook4h', 'HGIDMBHN', 'loliver4h@about.com', NULL),
('jcooperce', 'RT0guTH', 'sknightce@bigcartel.com', NULL),
('jcrawfordh5', 'XaKm6hc', 'awashingtonh5@hhs.gov', NULL),
('jcrawfordh7', 'G6txDQVwPb', 'ageorgeh7@smugmug.com', NULL),
('jcunninghamqx', 'i1fDZUX', 'jsimpsonqx@w3.org', NULL),
('jdean4z', 'S5JtZEqVb', 'tarmstrong4z@sphinn.com', NULL),
('jdixon3m', 'A7dJyzo', 'alopez3m@mayoclinic.com', NULL),
('jdixon7t', 'FoTYkLF5vyJ', 'dcruz7t@biblegateway.com', NULL),
('jdixonl', '3WrKsTcZP7kA', 'jfullerl@whitehouse.gov', NULL),
('jedwardsgw', 'PYRCrWwH', 'hhuntgw@rambler.ru', NULL),
('jelliotte3', 'KQUKHd', 'kmedinae3@weebly.com', NULL),
('jevansjp', 'naV2cCI1Y9d', 'ajenkinsjp@fastcompany.com', NULL),
('jfergusondi', '2wJUq7qJA5QE', 'nmartinezdi@cbslocal.com', NULL),
('jfieldsgk', 'pUnfaSdtCra', 'mkinggk@printfriendly.com', NULL),
('jfieldskf', '9YS4oHwa', 'dcruzkf@chronoengine.com', NULL),
('jfloresht', '5iUIbDNNUG', 'gmasonht@jalbum.net', NULL),
('jfoster2z', '6WQqnJt', 'cfrazier2z@cargocollective.com', NULL),
('jfoster42', 'XrTBQYyYTS5U', 'dvasquez42@harvard.edu', NULL),
('jfostera4', 'n9Fhrj', 'jwheelera4@edublogs.org', NULL),
('jfosterfs', 'psQ86AgeDJ', 'mdiazfs@newsvine.com', NULL),
('jfosteri0', '6BAuJyS', 'pwilliamsoni0@shareasale.com', NULL),
('jgarciaq', 'az1IHOYO', 'malvarezq@tripadvisor.com', NULL),
('jgeorgeds', 'mF0G0nFVbOVX', 'jperkinsds@accuweather.com', NULL),
('jgeorgeoc', '8tkt2xkqu', 'rbennettoc@smugmug.com', NULL),
('jgibsond1', '0mRAdB2', 'twheelerd1@senate.gov', NULL),
('jgilbert4k', 'J1pQ9qLtt', 'rperkins4k@amazon.co.jp', NULL),
('jgonzalez3b', 'OTTWTl', 'bmurray3b@1und1.de', NULL),
('jgordon4v', '5N01n9XnmSS', 'lday4v@alexa.com', NULL),
('jgordonmp', 'oO2Ov6UV', 'randrewsmp@addtoany.com', NULL),
('jgrahamb1', 'H76aaR', 'selliottb1@1und1.de', NULL),
('jgrahamf', 'p85OaUPrTM', 'lsimpsonf@japanpost.jp', NULL),
('jgrahamgt', 'MTh0EeFx', 'ksanchezgt@uiuc.edu', NULL),
('jgriffint', 'UmQpXb', 'ncartert@privacy.gov.au', NULL),
('jhall73', '609cyBwcI', 'kolson73@cbsnews.com', NULL),
('jhalla8', 'ryosoT', 'sarnolda8@fastcompany.com', NULL),
('jhallb0', 'HOwTHKA', 'rthompsonb0@google.co.uk', NULL),
('jhansen3t', 'pzEvJhoHKx4', 'sreid3t@360.cn', NULL),
('jharper6s', 'dEU0aRJ7', 'erichardson6s@booking.com', NULL),
('jharris23', 'Jj2uf0', 'gburton23@mit.edu', NULL),
('jharris9o', 'LTer6WNP', 'kthomas9o@nationalgeographic.com', NULL),
('jhawkinsfj', 'jXNiroW7c2', 'ageorgefj@lulu.com', NULL),
('jhayesep', 'nvyLp0gZbwTD', 'tgarrettep@umn.edu', NULL),
('jhenryer', 'HguXvs5Pr', 'jlarsoner@tamu.edu', NULL),
('jhernandezr', 'j9QItHFU', 'jmyersr@patch.com', NULL),
('jhicks4l', 'bxeeNi', 'aparker4l@timesonline.co.uk', NULL),
('jhicks8a', 'pEvZRP', 'fhamilton8a@boston.com', NULL),
('jhowell75', 'j62QzUVyEOJd', 'ehenderson75@geocities.com', NULL),
('jhuntereh', 'relCCbJcyD7', 'ajoneseh@mapy.cz', NULL),
('jjacobs4o', 'A5Jgit', 'iburton4o@flavors.me', NULL),
('jjacobs66', 'M9xij8', 'dandrews66@zimbio.com', NULL),
('jjacobs7f', 'MF6NmxDX3WbU', 'jandrews7f@qq.com', NULL),
('jjohnsonhd', 'cgljir3H', 'jnelsonhd@netlog.com', NULL),
('jjohnston3h', '6741TuW4gnl', 'acook3h@tripadvisor.com', NULL),
('jjohnston3j', 'Ievn1snIV0', 'smyers3j@dailymotion.com', NULL),
('jjordanp5', '8vKUyFR', 'hsmithp5@harvard.edu', NULL),
('jkelly6m', 'QFHabTn', 'fkennedy6m@bandcamp.com', NULL),
('jkellylc', 'iAuUmlcT', 'amurphylc@noaa.gov', NULL),
('jknightow', 'ZiubIrX7', 'twagnerow@joomla.org', NULL),
('jlanebe', '2gPXG1gw', 'aburkebe@rambler.ru', NULL),
('jlawrence8e', 'b9VcWN', 'clong8e@tuttocitta.it', NULL),
('jlewis7c', 'zQnhRRHi', 'vkelly7c@toplist.cz', NULL),
('jlewis9l', 'Pf5j0Xa4k9zX', 'wschmidt9l@craigslist.org', NULL),
('jmarshallfg', '68gD4D', 'jwelchfg@netlog.com', NULL),
('jmason1a', 'jQ2YPhY', 'rbaker1a@shinystat.com', NULL),
('jmccoy93', 'aEmxizy', 'achapman93@bing.com', NULL),
('jmcdonald8m', 'o82xE0yL', 'echapman8m@barnesandnoble.com', NULL),
('jmedina4g', 'kJnxJN', 'rramos4g@ning.com', NULL),
('jmedina6i', '5nFqgCkn', 'dgeorge6i@princeton.edu', NULL),
('jmeyer60', '7hdYxr', 'jmason60@mediafire.com', NULL),
('jmillsh4', 'pUV2VBG9Qx', 'pweaverh4@fotki.com', NULL),
('jmoore4m', 'riXiEOAo70', 'alee4m@ucsd.edu', NULL),
('jmyersq5', 'hWUQ46Paf0y', 'dstoneq5@usa.gov', NULL),
('jnicholskz', 'Ewc89Yi93jox', 'tlynchkz@usatoday.com', NULL),
('jnicholsmx', 'dIbF28jl', 'cfieldsmx@google.com.hk', NULL),
('joliverjq', 'jClsNV', 'lschmidtjq@cmu.edu', NULL),
('jolsonn', 'UTJPi80tM11', 'jmorenon@princeton.edu', NULL),
('jpaynepu', '0VVRH7', 'sjonespu@google.fr', NULL),
('jperezas', 'HbvT4G3hCzMb', 'preynoldsas@ifeng.com', NULL),
('jpeters7v', 'T7oMhiCQafL', 'tgriffin7v@google.com.br', NULL),
('jphillips5j', 'gpuNzAGS3', 'agarrett5j@walmart.com', NULL),
('jphillipsec', 'VSXxgZBVqH', 'kwrightec@parallels.com', NULL),
('jphillipshp', 'bEgogJYasJU', 'scunninghamhp@cbslocal.com', NULL),
('jphillipslp', 'X3dNmh', 'mrichardslp@bravesites.com', NULL),
('jpierceo', 'T6kTc4PLDw', 'fsullivano@engadget.com', NULL),
('jpricepp', 'ZFIAAYqzaCom', 'scooperpp@qq.com', NULL),
('jramirezg6', 'r4KM8DwIvEsm', 'sstanleyg6@cornell.edu', NULL),
('jramirezir', '6kBAig6J', 'pelliottir@adobe.com', NULL),
('jramirezjn', 'DKXpftl', 'gsimsjn@youtu.be', NULL),
('jramosbi', 'ltQWx9EaxO', 'kromerobi@disqus.com', NULL),
('jrayje', 'bYclIVQ2YYy', 'cboydje@mlb.com', NULL),
('jreid97', 'cnUObiBaAC', 'ihowell97@miitbeian.gov.cn', NULL),
('jreidmy', 'pUfGWzV', 'jpaynemy@senate.gov', NULL),
('jreidqu', 'zZehmlu', 'bmccoyqu@sciencedaily.com', NULL),
('jreyeso9', 'f15nM9CmM', 'mmorenoo9@unicef.org', NULL),
('jrivera6r', 'KuOsY6n5Oh48', 'acastillo6r@acquirethisname.com', NULL),
('jriverac9', 'y3feSN', 'brossc9@indiegogo.com', NULL),
('jriveraqb', 'OxI3yMk', 'mgibsonqb@over-blog.com', NULL),
('jrobertsonr8', 'sbH2uVHmi', 'pknightr8@diigo.com', NULL),
('jrossku', 'QP6FwfZFMxk', 'dgrantku@stanford.edu', NULL),
('jryan12', 'JjYfPI', 'hadams12@slashdot.org', NULL),
('jsanchezk3', '7nCc6s', 'ctaylork3@digg.com', NULL),
('jsandersl5', 'qHsUTt8mPPb9', 'sthomasl5@altervista.org', NULL),
('jsandersmn', 'Fg20LoU', 'rchavezmn@altervista.org', NULL),
('jschmidtcf', '30nmKwLbWJ', 'cwashingtoncf@squarespace.com', NULL),
('jshaw1n', 'QmZIpR', 'esims1n@constantcontact.com', NULL),
('jsimmonshu', 'MIn5kks79', 'fbishophu@ning.com', NULL),
('jspencerhj', 'I0VXlQbI', 'achapmanhj@loc.gov', NULL),
('jstanleykn', 'PwvcCWzP2', 'lwilliamsonkn@bbb.org', NULL),
('jstanleymc', 'sT8uTMxltfFL', 'cthomasmc@mediafire.com', NULL),
('jtaylorm', 'f4dmRLO', 'rhayesm@yellowbook.com', NULL),
('jthomaspk', 'XHOojfqjiWnp', 'jbarnespk@weebly.com', NULL),
('jthompsonid', 'NJTEJLqzU', 'lwagnerid@blogger.com', NULL),
('jtorres8f', 'mQ43jbPP7GY', 'lgarza8f@topsy.com', NULL),
('jtucker1r', 'jjvMbUo5BR', 'radams1r@mlb.com', NULL),
('jtucker76', 'UoENTcIJ6m', 'lmontgomery76@xinhuanet.com', NULL),
('jtucker9h', 'II5U8rwxEAL', 'jwelch9h@ox.ac.uk', NULL),
('jwagnerg2', 'TTqjAs', 'dbaileyg2@thetimes.co.uk', NULL),
('jwalker3a', 'AyX3vco', 'swells3a@home.pl', NULL),
('jwalkerqi', 'uDzH3h', 'dwillisqi@loc.gov', NULL),
('jwarrena', 'wV858b2ifLn', 'rraya@tripod.com', NULL),
('jwarrenk8', 'Corr6T', 'pmillsk8@friendfeed.com', NULL),
('jwashingtonkx', 'aSdng5GYjCXf', 'jharriskx@theglobeandmail.com', NULL),
('jwatkinshi', 'YM96l44', 'hburkehi@canalblog.com', NULL),
('jwebb17', 'vZmk4xzt', 'bblack17@umich.edu', NULL),
('jwelchpe', '8AOkqSyTiahP', 'dporterpe@free.fr', NULL),
('jwest8x', '1czBZs4B3z', 'amitchell8x@wikipedia.org', NULL),
('jwilliamsbs', 'VHFmSuy6', 'fharrisbs@elpais.com', NULL),
('jwilsonlj', 'RBsabyTujv', 'sbowmanlj@upenn.edu', NULL),
('jwilsonms', 'oAiCbMvS', 'fshawms@webeden.co.uk', NULL),
('jwoods1t', '5rNmUZENvi8M', 'smorrison1t@newyorker.com', NULL),
('jwrightbx', 'jAOte2gkDf', 'jyoungbx@yellowpages.com', NULL),
('jwrightc4', 'Co6z4xMvB8', 'dreedc4@blinklist.com', NULL),
('karmstrong6y', 'wzFixya', 'dreed6y@addthis.com', NULL),
('kbarnesna', 's85S5Kg', 'jramirezna@timesonline.co.uk', NULL),
('kbennett8p', 'k0oZip8L', 'brose8p@ovh.net', NULL),
('kbowman4y', 'RNALpG09EG5G', 'awheeler4y@icq.com', NULL),
('kbrowngp', 'zqWZj5jpb', 'kboydgp@nsw.gov.au', NULL),
('kburkem5', 'iJVMi29hSu4j', 'dvasquezm5@un.org', NULL),
('kburtonou', 'Y6K8r4zZvR', 'lkimou@exblog.jp', NULL),
('kcarrap', '3mieebTVs', 'rburnsap@vimeo.com', NULL),
('kcastilloc3', 'H5Ynl2yD7y', 'dwilliamsc3@china.com.cn', NULL),
('kcookld', 'jRJj0A', 'ericeld@craigslist.org', NULL),
('kdiazmd', '0pKB53Hq', 'jberrymd@fc2.com', NULL),
('kdixon9x', 'K52e1DK', 'sgomez9x@walmart.com', NULL),
('kedwards47', 'R7aBhTFI9E', 'klewis47@webmd.com', NULL),
('kfieldspq', '5OvvKV7qHuvF', 'shansenpq@youtu.be', NULL),
('kgibsonat', 'r4u7sq4LRVVe', 'sbryantat@furl.net', NULL),
('kgordonmj', 'VKW842tN', 'iberrymj@parallels.com', NULL),
('khanson25', '8f1AkPGQY9', 'dfuller25@trellian.com', NULL),
('khanson37', 'jVqW2E9', 'sgarrett37@phoca.cz', NULL),
('khansona7', 'fWTJOeTok', 'ameyera7@slate.com', NULL),
('khicks7z', 'ZYA22e', 'pcruz7z@edublogs.org', NULL),
('kjohnsonim', 'C8Cc1lFZU', 'smatthewsim@utexas.edu', NULL),
('kjohnstonk6', 'BiIsV3I1CyA4', 'jandrewsk6@dell.com', NULL),
('kjordan5o', 'VsvevwqFZGE', 'jjenkins5o@sciencedaily.com', NULL),
('kknight5q', 'YDQ5Etfup', 'jwells5q@wix.com', NULL),
('klawsons', 'sNTDonrrV1', 'pcarpenters@list-manage.com', NULL),
('klong54', 'ADjNQEv5P', 'wcruz54@noaa.gov', NULL),
('kmartinezqn', 'OUK5AJclpmd', 'gcoxqn@nyu.edu', NULL),
('kmccoyex', 'IHknSMi', 'bharveyex@wikimedia.org', NULL),
('kmeyermq', 'LJFyXpUVJ', 'jchavezmq@privacy.gov.au', NULL),
('kmillsj', 'mTdOsea', 'hweaverj@reddit.com', NULL),
('kmorgankj', 'SyglVKQ6Qfq', 'mlawrencekj@digg.com', NULL),
('knicholsi7', 'aFTognN55', 'jpiercei7@army.mil', NULL),
('kowensaj', 'naDWObMPKTnf', 'driceaj@biblegateway.com', NULL),
('kpattersone8', 'YTflWSa', 'lrogerse8@tuttocitta.it', NULL),
('kpayne51', '8Svkhm8lQ', 'redwards51@wix.com', NULL),
('kpeterson61', 'WQietkLQMKFv', 'gperkins61@netlog.com', NULL),
('kpetersonke', 'sI7gzdlYRIb', 'jpeterske@wiley.com', NULL),
('kpetersonp8', 'bUBcku', 'jbennettp8@umn.edu', NULL),
('kraykd', 'oR7GBZoI', 'akellykd@utexas.edu', NULL),
('kricenp', 'po9iVD', 'jgilbertnp@biblegateway.com', NULL),
('krichardsle', 'EdctihezoV', 'jgordonle@artisteer.com', NULL),
('kroseil', 'O7nZ74', 'jrayil@naver.com', NULL),
('krussell94', 'x6einM6pRw0', 'nsims94@chronoengine.com', NULL),
('kschmidte2', 'DGo0aABpk1', 'dwebbe2@wordpress.org', NULL),
('ksimmonsm0', 'yZCgp75l', 'tmurphym0@shop-pro.jp', NULL),
('kstephens5l', 'wygPlzIm', 'aharris5l@cmu.edu', NULL),
('kstephensky', 'sQAS0Sis', 'jyoungky@surveymonkey.com', NULL),
('kstevens53', 'pXLmAGjp6kpU', 'sryan53@globo.com', NULL),
('kstonehs', 'JELz9FoxAA', 'rclarkhs@moonfruit.com', NULL),
('ksullivanf0', 'PDMEUomw', 'jfosterf0@rediff.com', NULL),
('ktaylor5z', 'KkCJwKi4', 'cgilbert5z@rakuten.co.jp', NULL),
('kthompson2p', '69FSStIjR', 'hdunn2p@sbwire.com', NULL),
('kwagnerof', 'l94UWrr', 'bpierceof@simplemachines.org', NULL),
('kwallacebf', 'n3FSPAMmAgr', 'dpetersbf@unc.edu', NULL),
('kwardkc', 'wF6TM1', 'fmillerkc@bigcartel.com', NULL),
('kwarren1v', 'wPRCJnFQxz7', 'dnelson1v@twitpic.com', NULL),
('kwatsoncj', 'GCSEcAd', 'cwestcj@prnewswire.com', NULL),
('kwelchi6', 'LbsxwPDEpbCL', 'rrayi6@globo.com', NULL),
('kwilsonii', 'hjPs2O0pO', 'darmstrongii@1688.com', NULL),
('laura', 'f3c502d16c786de5cddf50f7ab6231d98664b969', 'lolo69@gmail.com', NULL),
('lbailey31', 'T9W3lMZGe', 'jaustin31@wikimedia.org', NULL),
('lbailey3l', 'i2T2RmLw', 'jhunter3l@last.fm', NULL),
('lbell9z', '5saDO0Xmgy', 'sray9z@cnbc.com', NULL),
('lcampbell87', 'dxPHWIN08e', 'jfoster87@blinklist.com', NULL),
('lcarrlt', 'yfWNfAjrLrTo', 'bellislt@nydailynews.com', NULL),
('lchapman2n', 'axrbixfe71A', 'darmstrong2n@prweb.com', NULL),
('lcrawfordlw', 'VuGzITdxtB', 'bstephenslw@facebook.com', NULL),
('lcunninghamp0', 'WfKbLGNbFed', 'smorrisonp0@wsj.com', NULL),
('lfoxc0', '8VVT2X8T', 'jfranklinc0@narod.ru', NULL),
('lgardnerib', 'ZFtmU91TYcbP', 'rjacobsib@freewebs.com', NULL),
('lgrahambj', 'xYAak8lhc', 'phughesbj@theglobeandmail.com', NULL),
('lgutierrezkq', 'ee8muIOC1pD', 'pevanskq@mlb.com', NULL),
('lharrisonfy', 'dqmkdFvj', 'cromerofy@goo.gl', NULL),
('lhartja', 'XVrACgBtpn', 'hharrisja@diigo.com', NULL),
('lhillop', 'YjfiRuzTyaX', 'rparkerop@slashdot.org', NULL),
('lhudsonpm', 'bvpddWP', 'mraypm@moonfruit.com', NULL),
('lhunterlb', 'ZISFZiKo', 'srobertslb@newyorker.com', NULL),
('lkelley86', 'luBat66k', 'sbradley86@wufoo.com', NULL),
('lkellyda', 'pDteoOvY', 'rruizda@wired.com', NULL),
('lkim3o', 'evPG4H993', 'egarcia3o@npr.org', NULL),
('llopezlo', 'FNJAhm', 'brobinsonlo@discuz.net', NULL),
('lmartin1b', 'FDeFz73', 'pknight1b@fotki.com', NULL),
('lmartinez15', 'Mfr3OQoqQvu', 'bgonzalez15@msn.com', NULL),
('lmasoniq', '2ITnR42EAF', 'phunteriq@telegraph.co.uk', NULL),
('lmeyer9f', 'uwVzJfYb0fI5', 'wolson9f@ebay.co.uk', NULL),
('lmitchelljt', 'o7m8shH', 'apalmerjt@t-online.de', NULL),
('lmorales4j', 'nsNacOe0uwr9', 'gromero4j@wikipedia.org', NULL),
('lmurphyj2', 'rjahFGVNq8', 'dphillipsj2@apple.com', NULL),
('lortiz5a', 'lyXD7qc5A', 'ekim5a@drupal.org', NULL),
('lpeterson8b', 'axHYnyX', 'drodriguez8b@foxnews.com', NULL),
('lphillipsni', 'daEugeR8', 'gmartinni@ucsd.edu', NULL),
('lpowelldp', '5m0ozmv', 'nburnsdp@indiatimes.com', NULL),
('lpriceo5', 'HFpJtlGK1qE', 'bgilberto5@technorati.com', NULL),
('lray67', 'Wl6UPF', 'vwilliams67@harvard.edu', NULL),
('lrayh6', 'ldWD9i7', 'lbennetth6@mozilla.com', NULL),
('lreedmm', '5sBO4H', 'rmartinmm@nih.gov', NULL),
('lreide5', 'nGKFecU7', 'wcunninghame5@uol.com.br', NULL),
('lreynoldsqr', '6khHa3tZnBYS', 'kholmesqr@t.co', NULL),
('lricep3', 'VNfG5xb1HQ', 'pharveyp3@trellian.com', NULL),
('lrichardson6g', '228fNl3Lt', 'mjones6g@flavors.me', NULL),
('lrobertsonny', 'w1L8wzssgq', 'mdayny@vinaora.com', NULL),
('lrussell62', '0mjiyy', 'vmoore62@is.gd', NULL),
('lsimmonsct', '0s8EO038gOTN', 'sgrantct@indiatimes.com', NULL),
('lstoned', 'Ej1Ntz', 'wcampbelld@utexas.edu', NULL),
('lwoodlv', 'uZTGH0Iq9', 'rdanielslv@discuz.net', NULL),
('lwoodshl', 'xwXHS36WK600', 'acolemanhl@si.edu', NULL),
('malexanderc1', '5q1RfE', 'dgrahamc1@spotify.com', NULL),
('malvarezik', 'mBhhqJIBKuB', 'lwilsonik@intel.com', NULL),
('mathieu', '66468173c2b1642fcdd5bbb3e6b0f5ea20554ded', 'mat@hotmail.fr', NULL),
('mbarnesg4', 'ucGLGKwy', 'jcastillog4@uiuc.edu', NULL),
('mberrydw', 'hXvCCOym', 'mdiazdw@sphinn.com', NULL),
('mburkegl', 'iEGKIBO', 'cgilbertgl@webnode.com', NULL),
('mcarrollb8', 'rxZaeMui', 'sberryb8@yahoo.co.jp', NULL),
('mchapmankm', '81O7kTonz', 'kharriskm@comsenz.com', NULL),
('mcoxmg', 'QyBpOg9n', 'ccookmg@redcross.org', NULL),
('mdixonrd', '9QbXcjVjXt', 'jelliottrd@state.tx.us', NULL),
('mfernandez8l', 'NohLmTyxM', 'efox8l@unc.edu', NULL),
('mfisherfo', '394rEjTpB', 'parmstrongfo@go.com', NULL),
('mfosterin', 'NqOkMM', 'ssullivanin@gravatar.com', NULL),
('mfrazierfe', 'BAJ0a8M', 'jbrownfe@imageshack.us', NULL),
('mfullerew', '2yevvNDs', 'sandersonew@skype.com', NULL),
('mgarrett26', 'xibtciqW9Zq', 'tbryant26@foxnews.com', NULL),
('mgarza70', '2rtb7siw', 'cvasquez70@java.com', NULL),
('mgonzalesqt', '9Y8fWykD', 'mjohnsonqt@alibaba.com', NULL),
('mgrahamek', '7TinQnQkYM4', 'wgriffinek@wufoo.com', NULL),
('mgrant5d', 't805zhMx', 'iperkins5d@msn.com', NULL),
('mgrantqv', 'evNVDs9E', 'lharrisonqv@deliciousdays.com', NULL),
('mhall7m', 'qxGWu8WhC1', 'kkennedy7m@ow.ly', NULL),
('mhenry5b', 'sWqvq1wdh', 'jlawrence5b@gravatar.com', NULL),
('mhenryb7', 'i4SfSRi4xxo', 'kkingb7@tripod.com', NULL),
('mhenryh1', 'U1gSngt2V5ZO', 'rwesth1@aol.com', NULL),
('mhowardeg', '91NmO0xsCB', 'jbishopeg@house.gov', NULL),
('mjacobs3c', 'CPpTQwHQ', 'jpierce3c@foxnews.com', NULL),
('mjamesjb', 'jiQhxkFQf6ac', 'dgrayjb@vk.com', NULL),
('mkennedy3', '82DXws', 'fmorrison3@yahoo.co.jp', NULL),
('mlarson7x', '4RyUXTtSjS', 'sfernandez7x@ucoz.ru', NULL),
('mlee2j', 'wTNRgDRPImKL', 'ctucker2j@tripod.com', NULL),
('mlittleie', 'XevCTTgJWqkg', 'mknightie@about.com', NULL),
('mmarshall9q', 'JkG4qW7', 'tbrown9q@google.co.jp', NULL),
('mmatthews5i', 'lAa7cGKp7H0Z', 'dfisher5i@tumblr.com', NULL),
('mmatthewspt', 'WbaX1pMCRI', 'rwarrenpt@mit.edu', NULL),
('mmccoy9t', 'Kmnb9581YxeQ', 'lwoods9t@domainmarket.com', NULL),
('mmcdonaldj7', 'TpesXimy', 'vscottj7@usa.gov', NULL),
('mmcdonaldnr', '0zaYfUHX', 'pjenkinsnr@w3.org', NULL),
('mmontgomeryee', 'FXjf1c0YqBFG', 'kgilbertee@yelp.com', NULL),
('mmorenojj', '3wCXHzQJW', 'adanielsjj@newsvine.com', NULL),
('mnelsonov', 'u0qWBOYnz', 'dcastilloov@earthlink.net', NULL),
('molsonbw', 'UzJ9vh', 'wlongbw@mlb.com', NULL),
('molsonfh', 'wChBNrp5', 'erobertsfh@163.com', NULL),
('mprice2d', 'O9RghnBD', 'mlane2d@4shared.com', NULL),
('mpriceac', 'SKlZbS', 'alawrenceac@yellowpages.com', NULL),
('mramosoa', 'lnnDXtk23', 'rhowardoa@chicagotribune.com', NULL),
('mreidbb', 'HvDPTfH', 'iellisbb@gnu.org', NULL),
('mrosel8', 'Wm9gtsxzAVE', 'eriveral8@friendfeed.com', NULL),
('mruizdf', 'V0crVrJ', 'abutlerdf@usa.gov', NULL),
('msmithbg', 'eKpUErpPl', 'cdaybg@google.co.uk', NULL),
('mstevens2y', 'Dyrfpeln', 'hbaker2y@yellowpages.com', NULL),
('mtuckerfk', '09qC7Xg3sDaO', 'ncruzfk@angelfire.com', NULL),
('mwatsonc5', 'eBKlwZ', 'pcunninghamc5@nsw.gov.au', NULL),
('mweaverrp', '6aeNLi9B', 'jrayrp@oakley.com', NULL),
('mwheeler7u', 'wLlRSgj', 'lsanders7u@house.gov', NULL),
('mwilson1x', 'eVtVnrIGiMc7', 'ggriffin1x@paginegialle.it', NULL),
('mwilsonq8', 'xrqwLOW2qTI', 'lreyesq8@studiopress.com', NULL),
('mwoodsd5', 'r0IxBJKAky', 'bshawd5@google.ru', NULL),
('nalleng9', 'RtVrnJ2p9lO', 'ageorgeg9@omniture.com', NULL),
('nburnsd2', 'I272qOo', 'jgarciad2@topsy.com', NULL),
('ncampbell3g', 'FMtY1cHcL', 'jmills3g@cdc.gov', NULL),
('ncoopernq', 'Jmd3Jd', 'fbanksnq@dagondesign.com', NULL),
('ndiaz36', 'cCfB56P', 'rromero36@webeden.co.uk', NULL),
('ndixone7', 'HvVm1v', 'jbrookse7@yale.edu', NULL),
('nfields69', 'clKsdna3T', 'kmatthews69@nhs.uk', NULL),
('nfosterfi', 'VGA3NcwqDJL', 'jcarterfi@is.gd', NULL),
('nfoxh', '0K5Xcqf', 'rfoxh@weather.com', NULL),
('ngeorge6p', 'MLPFOF', 'sjackson6p@twitter.com', NULL),
('ngriffin9', 'jyboZfidT6l', 'sford9@icq.com', NULL),
('nharvey38', 'nSvJHlC', 'mking38@cloudflare.com', NULL),
('nlopez57', '4vcat8cfOR', 'ffoster57@bing.com', NULL),
('nmorrison89', '2vvDEIZ', 'trogers89@si.edu', NULL),
('nreed4', 'zbTs8Ss3z', 'pthompson4@discovery.com', NULL),
('nrobertsnf', 'trwk0PVBZe', 'hcrawfordnf@spotify.com', NULL),
('nsimpson10', 'gIzADhih6MTR', 'wpalmer10@lulu.com', NULL),
('nthomas72', 'LStuuMA7', 'srogers72@youku.com', NULL),
('ntorres3k', 'x33lc6zK', 'mscott3k@squarespace.com', NULL),
('nwagnereu', 'vDNtXH', 'cgreeneeu@xing.com', NULL),
('nwellsi9', 'HTGPUSDZu8mS', 'ewhitei9@businessinsider.com', NULL),
('nwood2w', 'jwzMewZb', 'cyoung2w@360.cn', NULL),
('nwoodah', 'oeVgA1d', 'sbryantah@cam.ac.uk', NULL),
('palexandern9', 'PWpGD0mK', 'dgeorgen9@usatoday.com', NULL),
('pandersondk', 'cutHa4z', 'dcoxdk@shutterfly.com', NULL),
('pandrews85', 'a2C4Iu3wvt', 'bray85@biblegateway.com', NULL),
('pandrewsnm', 'aFgOIQnRra', 'atuckernm@microsoft.com', NULL),
('pbennett3r', 'nPZyIHOCHhz', 'hcarroll3r@youtube.com', NULL),
('pbowman8k', 'fdZnZ9', 'mbutler8k@gizmodo.com', NULL),
('pbrooksr2', 'ZxgdRW', 'amillerr2@taobao.com', NULL),
('pbrown1j', 'zCckNrwC', 'jcarter1j@devhub.com', NULL),
('pcampbell4d', 'iVHnDlf2', 'rcoleman4d@about.me', NULL),
('pcookal', 'DrD3TOkRU2v', 'lspenceral@sakura.ne.jp', NULL),
('pdanielskk', 'gMZVq7', 'kkennedykk@woothemes.com', NULL),
('pduncan58', '8bIRjN9WG', 'sfox58@webs.com', NULL),
('pellisj3', 'HnPN81BOBaUK', 'tsimmonsj3@ca.gov', NULL),
('pfrazierod', '8RzFSYedUt', 'lcooperod@artisteer.com', NULL),
('pfullerb9', '63Non38mX', 'cbishopb9@businesswire.com', NULL),
('pfullerch', '9XPi3dxa65OX', 'ssandersch@latimes.com', NULL),
('pgrante6', '4oGGGOUCedo', 'smyerse6@hostgator.com', NULL),
('pgray6', '77CGZf7s7N', 'rrivera6@yellowbook.com', NULL),
('pgreen13', 'I8bjD5qcX', 'sstephens13@nature.com', NULL),
('phawkinsox', 'nZx9QNHV', 'cvasquezox@redcross.org', NULL),
('phudson4x', '7Iz4i45G', 'jjacobs4x@nhs.uk', NULL),
('piupiu34', 'cc3a4ad349c65380120bfee10ce2d88ae1ced92f', 'piupiu34@hotmail.com', '25a7e90acda28e3cd9daa6c014063379a1c30ba0'),
('pjohnsonl9', 'MiU4mdsuf', 'arobertsonl9@phpbb.com', NULL),
('pkennedy63', 'D11QiKhX9', 'cpeters63@toplist.cz', NULL),
('plarson9j', '11KTdlz8', 'kgibson9j@ocn.ne.jp', NULL),
('plawsonbd', 'r13znPW', 'kjenkinsbd@usgs.gov', NULL),
('plawsonfv', '56aFPNeRY', 'bmoralesfv@edublogs.org', NULL),
('plittlerb', '8E0bqD', 'ageorgerb@studiopress.com', NULL),
('pmatthewsix', 'MqObsQ2GWSm', 'smillerix@usatoday.com', NULL),
('pmatthewsne', '4DHjD34xl', 'jblackne@cnn.com', NULL),
('pmcdonaldka', 'eErtJXl', 'lrobertsonka@altervista.org', NULL),
('pmoreno84', 'oZRdJnGNK', 'nalexander84@github.com', NULL),
('poliverg0', 'krIYqC', 'gowensg0@simplemachines.org', NULL),
('portizq4', 'GMaksm804bL3', 'msimpsonq4@google.pl', NULL),
('pperryj6', 'yB3O6N', 'sfullerj6@xrea.com', NULL),
('prichardsrg', '6owTRGo1al', 'mevansrg@netvibes.com', NULL),
('prichardsu', '2bAq90', 'ppetersu@privacy.gov.au', NULL),
('pschmidtig', '7i5Ij6k', 'rharrisonig@washingtonpost.com', NULL),
('psimpsonft', 'RWhTVj5', 'rjacobsft@netlog.com', NULL),
('psmithc2', '4LsDZxxyfp2', 'jgutierrezc2@sciencedaily.com', NULL),
('pspencermu', '8Q0xwExTiChe', 'jpaynemu@dot.gov', NULL),
('pthomasdh', 'Dmt04LgSrvOy', 'rreeddh@wikipedia.org', NULL),
('pward4i', 'QaoHlFU', 'gjackson4i@creativecommons.org', NULL),
('pwilliamsnd', 'cWFmJKSb', 'bbennettnd@admin.ch', NULL),
('radamsax', 'UodNVLYuG', 'truizax@earthlink.net', NULL),
('rbaileycm', 'C3C1DNPjb', 'lrosecm@free.fr', NULL),
('rbarnesgv', 'IRc9UGBykn', 'marmstronggv@prnewswire.com', NULL),
('rbennettdb', 'PpQLhX', 'srobinsondb@furl.net', NULL),
('rbowmanfn', 'eVWHvq', 'blewisfn@comsenz.com', NULL),
('rbowmanhv', 'N47o7hZEsQg', 'bwilliamshv@ca.gov', NULL),
('rbrooksng', 'Q5mcoLJYO', 'jcooperng@sitemeter.com', NULL),
('rbrownor', '9Dtjg8J', 'kelliottor@forbes.com', NULL),
('rbryant7q', 'wxLMsxWq', 'wpeters7q@devhub.com', NULL),
('rburns81', '8P6WGZgN1X', 'jrobinson81@360.cn', NULL),
('rburton7', 'chfKGX', 'mlewis7@nytimes.com', NULL),
('rcarpenterhe', '7ikcfJA7', 'mtuckerhe@pcworld.com', NULL),
('rcarter8r', 'vHLQYGlq', 'dwilliams8r@example.com', NULL),
('rcastilloph', 'tlCq6fAJq', 'bjohnstonph@bloglovin.com', NULL),
('rcooperfa', '23JzmB2SFCB', 'esimmonsfa@amazon.co.jp', NULL),
('rdunnnj', 'YH9Icm', 'wlewisnj@digg.com', NULL),
('rellis16', 'V5Wd6oFZ', 'jbennett16@admin.ch', NULL),
('revansp7', 'k236qYtuMGZ', 'jhicksp7@odnoklassniki.ru', NULL),
('rfergusonrr', 'uNGVYOP', 'kwillisrr@diigo.com', NULL),
('rfieldsm6', 'X1nRB9xr', 'abellm6@sun.com', NULL),
('rfoster2i', 'nHv8bK6s8V', 'jthomas2i@webnode.com', NULL),
('rfrazierq6', 'aPlGiVW', 'jruizq6@stumbleupon.com', NULL),
('rgarciak4', 'IBWyh6sX', 'jnicholsk4@redcross.org', NULL),
('rgardnerr3', 'TRWjhM0', 'tmyersr3@meetup.com', NULL),
('rgarzakr', 'CBEWlenaK4', 'abakerkr@opensource.org', NULL),
('rgilbertio', 'SVYciz', 'blawrenceio@narod.ru', NULL),
('rgomez7a', 'UVGn2iC8zS', 'price7a@omniture.com', NULL),
('rgomezel', 'QnJRRsVdo3ff', 'jharrisel@goo.gl', NULL),
('rgriffin98', 'mOIVZGwbH', 'sramos98@guardian.co.uk', NULL),
('rhall3d', 'Il2ttxQ0om', 'tmorris3d@ebay.com', NULL),
('rharperps', '2y97d6w', 'tkingps@a8.net', NULL),
('rharrisf1', 'D3WlNeB', 'lsandersf1@rambler.ru', NULL),
('rhayes64', 'EsDXAR8', 'amills64@howstuffworks.com', NULL),
('rhenderson7p', 'VdeW8xi', 'pcarpenter7p@opensource.org', NULL),
('rhowardeb', 'aEWyCF3Vp7V', 'jgilberteb@mapquest.com', NULL),
('rhunterqz', 'NOlIpC8orfTO', 'tsimmonsqz@tinypic.com', NULL),
('rjacobsgc', 'In660V', 'preyesgc@rediff.com', NULL),
('rkellyh2', 'KSZiX3', 'dchapmanh2@google.de', NULL),
('rkellyom', 'ElI1AlOM9Wr', 'rlawsonom@icio.us', NULL),
('rkennedyl1', 'Lrqg7EJlVbS', 'sfergusonl1@odnoklassniki.ru', NULL),
('rkinga1', 'NdR074p', 'dhudsona1@ask.com', NULL),
('rlaneh8', 'Dl6QeFUsuRV', 'awillish8@imgur.com', NULL),
('rlee28', 'kwOajmiFGtu', 'twelch28@cmu.edu', NULL),
('rlopezdj', 'yFqdJQB', 'ggrahamdj@sina.com.cn', NULL),
('rmarshallaa', 'yrdkF3', 'arobertsonaa@smugmug.com', NULL),
('rmedina49', 'S4Ng9b4uBGY4', 'rsimmons49@arizona.edu', NULL),
('rmendoza5', '3aY2oXsU', 'rmyers5@facebook.com', NULL),
('rmendoza7d', 'sbuTTxh7pdQd', 'afernandez7d@jalbum.net', NULL),
('rmeyerj5', 'CTi1ZAW', 'lbrooksj5@addthis.com', NULL),
('rmills5x', 'XwGU5GzixVBr', 'wjones5x@washingtonpost.com', NULL),
('rmillsei', 'CwDjHxJK', 'wstewartei@wordpress.org', NULL),
('rmoralesbl', 'vmHLJHWD', 'mduncanbl@ucoz.ru', NULL),
('rmorrisnk', 'tZpW5E', 'jfernandeznk@wikispaces.com', NULL),
('rmurphyh9', '6g0Nx2', 'jlawrenceh9@g.co', NULL),
('rmyersgo', 'y9tYDFdLC', 'rpattersongo@vkontakte.ru', NULL),
('rnicholsk5', 'vXpGAWh', 'jcruzk5@unicef.org', NULL),
('rowensd0', 'n3aj50nA', 'rwheelerd0@addthis.com', NULL),
('rperkins9b', 's45MU2Kv8mR', 'cgreene9b@bbb.org', NULL),
('rramirezjk', 'Y8HAN7uTJw', 'rsnyderjk@yahoo.com', NULL),
('rreynolds8', 'E9RDHjMzi', 'sgilbert8@smh.com.au', NULL),
('rreynoldsn5', 'zrO8ECF95JD', 'sspencern5@thetimes.co.uk', NULL),
('rrichardsonhh', 'ERoXpIV89VP', 'smatthewshh@so-net.ne.jp', NULL),
('rriveraau', 'QR18CFz', 'sbarnesau@deviantart.com', NULL),
('rriverae4', 'hNkNvvDtLHY', 'eclarke4@mediafire.com', NULL),
('rroberts9a', 'w8ENTj', 'khansen9a@google.ca', NULL),
('rrobinsong5', 'waausboeoMd', 'dturnerg5@hc360.com', NULL),
('rrogers95', 'qAzw7fu14jr', 'klewis95@un.org', NULL),
('rrussell4u', 'GtSIBt', 'jparker4u@cyberchimps.com', NULL),
('rryan68', '2dGi4b8', 'dramos68@quantcast.com', NULL),
('rsandersq0', 'hAUKB2', 'jmasonq0@chicagotribune.com', NULL),
('rsimmons7o', 'eZ7TgJmdVNs', 'lrodriguez7o@spotify.com', NULL),
('rstewartb3', 'dsOMdgS079El', 'kfreemanb3@mayoclinic.com', NULL),
('rsullivan3w', 'PRehaDl', 'kryan3w@plala.or.jp', NULL),
('rtuckerdn', 'OU3nUwexT', 'rnelsondn@netlog.com', NULL),
('rwallacef4', '1LO5Bz8Z', 'ameyerf4@indiegogo.com', NULL),
('rwebb6u', 'NCEvtEAr', 'asimmons6u@shareasale.com', NULL),
('rwebbmw', 'WYWucFf', 'emillermw@feedburner.com', NULL),
('rwheeler27', '4YIfzL3E9', 'jrussell27@digg.com', NULL),
('rwheelerbv', 'ByqLI3JxsHI', 'jbarnesbv@biglobe.ne.jp', NULL),
('sadamsr0', '0yR1KyXdqxk', 'fharrisonr0@bigcartel.com', NULL),
('salexanderg7', 'MNQ3eXGrf', 'rstoneg7@wix.com', NULL),
('sandersoni4', 'eikZiyA', 'hcruzi4@dedecms.com', NULL),
('sarmstrongak', 'AM5MNLsNrHv6', 'cpetersonak@paginegialle.it', NULL),
('sarnoldaq', 'RE8qd5kRe4o', 'jcookaq@people.com.cn', NULL),
('sbaker3s', 'gUb3km3Qdmqa', 'wthompson3s@amazon.co.uk', NULL),
('sberryp1', 'uBap5F', 'cpaynep1@whitehouse.gov', NULL),
('sbrooksdr', 'eOKieT', 'pgraydr@phpbb.com', NULL),
('schavezqa', 'k7heQgFtt2A', 'jbakerqa@booking.com', NULL);
INSERT INTO `membre` (`pseudo`, `mdp`, `email`, `token`) VALUES
('sdavisv', 'etTM6Y', 'jramirezv@nbcnews.com', NULL),
('sduncand9', 'H1ROyuD', 'jarmstrongd9@sina.com.cn', NULL),
('sellisip', '2EbgGiLfoh2n', 'gandrewsip@gov.uk', NULL),
('sferguson2h', 'vNqjw0cUrpR', 'rgonzales2h@mac.com', NULL),
('sfergusonef', 'SK9WJPEYO', 'tandersonef@simplemachines.org', NULL),
('sfernandezay', 'adrqaPHjoj', 'swilliamsay@shutterfly.com', NULL),
('sfloresae', '2sdCTJ0GR', 'clittleae@indiegogo.com', NULL),
('sgardner6b', '4fngI6u', 'mreynolds6b@opera.com', NULL),
('sgonzalesn0', 'l0s2UyU', 'hgarzan0@chicagotribune.com', NULL),
('sgrahamj4', 'LUc5d3aU', 'sbutlerj4@independent.co.uk', NULL),
('sgraycp', 'y8XvNVimu', 'achavezcp@furl.net', NULL),
('sgreenec6', 'X5oK7s', 'sallenc6@ning.com', NULL),
('sgreeni3', '3dXyXtvK0vt', 'ievansi3@istockphoto.com', NULL),
('sharper79', 'xxr51hUGVd', 'mcarroll79@seattletimes.com', NULL),
('sharrisonao', 'PJc76jnAuh4', 'jschmidtao@blinklist.com', NULL),
('shart52', 'RPvfB4P', 'jowens52@ft.com', NULL),
('shartf3', 'L7Kopogqi', 'ralvarezf3@g.co', NULL),
('sharvey8z', 'UkJWQI', 'jgreene8z@zimbio.com', NULL),
('shendersonmb', 'uzJPHHd', 'jwashingtonmb@epa.gov', NULL),
('shernandez5r', 'c2xwzXON', 'emarshall5r@oracle.com', NULL),
('shunt1u', '00l4N8UDEqoa', 'klawson1u@dailymail.co.uk', NULL),
('shuntere', 'vYg0ASJmxQ8O', 'jbrookse@ocn.ne.jp', NULL),
('sjamesp4', 'tlYBEwCKUdDk', 'gwhitep4@taobao.com', NULL),
('sjamesp9', 'rCrYN79yijuM', 'jortizp9@blogtalkradio.com', NULL),
('sking6d', '1FKfVmG', 'hlawrence6d@zdnet.com', NULL),
('sknight59', 'fvSCcdRXpz7D', 'wgardner59@barnesandnoble.com', NULL),
('slaneo4', '158yUa0ZSS', 'jmorgano4@macromedia.com', NULL),
('slarsonqm', '2xUK871', 'fhunterqm@upenn.edu', NULL),
('slawsonnb', 'S1pP3XU', 'lbennettnb@amazon.co.uk', NULL),
('slynchqs', 'M5oqEb5kd5W', 'wgutierrezqs@seattletimes.com', NULL),
('smatthews2x', 'IiqDYJjt6', 'mstephens2x@imgur.com', NULL),
('smccoym4', 'bcN79Dqf', 'jpiercem4@fotki.com', NULL),
('smedinaez', 'ws5GSLHM2Ki', 'eblackez@miibeian.gov.cn', NULL),
('smoorepz', 'e0XQJyA4X', 'rhansenpz@state.gov', NULL),
('smoralesar', 'J7cVuINME', 'jryanar@deliciousdays.com', NULL),
('smorris30', 'rkbFk3DaB', 'jdaniels30@tmall.com', NULL),
('sortiz2c', 'OKErmZ1Oh', 'dlane2c@google.pl', NULL),
('spayne33', 'ww4YR6', 'jjohnson33@wsj.com', NULL),
('sperez7r', 'HaPkzYxU3N', 'sking7r@yandex.ru', NULL),
('sperry0', '0Ejflz3N', 'amedina0@sciencedirect.com', NULL),
('spetersmt', '4vZyUnJ', 'jtuckermt@boston.com', NULL),
('spetersonbo', 'xjBFi5Pi9i', 'cbakerbo@google.de', NULL),
('sramos1l', 'RLJ6lhMz4FYd', 'jellis1l@seattletimes.com', NULL),
('sreedfc', '8Q8UoGEcKwRp', 'jwilsonfc@census.gov', NULL),
('sricecb', 'jymRci', 'daustincb@chronoengine.com', NULL),
('sriveraea', 't30ZbU2', 'mriveraea@tripod.com', NULL),
('srobertsoncc', 'JUG5tKV', 'tmcdonaldcc@independent.co.uk', NULL),
('sromerooh', 'ZUuOWBarj', 'ajohnstonoh@accuweather.com', NULL),
('srossic', 'CwBzFZ5s', 'alarsonic@cbc.ca', NULL),
('ssanchezem', '396rwX', 'gruizem@theatlantic.com', NULL),
('sscott5f', 'N0z0AM', 'hpierce5f@soundcloud.com', NULL),
('sscott7j', '46c7Z62x2z', 'pray7j@technorati.com', NULL),
('sscott8u', '2UBQW0', 'adiaz8u@upenn.edu', NULL),
('sscottol', 'tY2TArF', 'mperezol@independent.co.uk', NULL),
('sshaw4s', 'eZwJ7uL', 'lweaver4s@php.net', NULL),
('ssimsl6', '17bYC7Gi', 'dmitchelll6@eepurl.com', NULL),
('sstevensme', 'YopI7e7hP5O', 'wthomasme@uol.com.br', NULL),
('sthompsono2', 'UL3mA0T2', 'hstephenso2@nifty.com', NULL),
('svasquezb6', 'cz4EbIu0', 'jmorganb6@lulu.com', NULL),
('swallaceam', '1ejPTmn', 'rreyesam@toplist.cz', NULL),
('swebbi1', 'gMkljOVm', 'mgreenei1@1688.com', NULL),
('swebblf', '1jVsk4J', 'jbarneslf@shop-pro.jp', NULL),
('swells8c', '57vV69TnvG', 'ehernandez8c@wordpress.com', NULL),
('swilson3v', 'u6hD916HHR', 'rmccoy3v@cnet.com', NULL),
('swoodpy', 'ua5soKqpHqyJ', 'tstevenspy@dyndns.org', NULL),
('sylvie', '95c21997ec12f6c9bb15f78c6471c6fac67ec3ff', 'sylvie@hotmail.fr', NULL),
('tandersonn4', 'h8Li6xZD50', 'jscottn4@miitbeian.gov.cn', NULL),
('tarmstrongca', 'hYnRR5oc', 'hharperca@tinyurl.com', NULL),
('tbailey4r', '5x4VchF2fWx', 'bcarroll4r@hatena.ne.jp', NULL),
('tbaileycg', '9cAOv2wu0y9g', 'sgardnercg@hatena.ne.jp', NULL),
('tberryqy', 'AWd1wUVA', 'lboydqy@sakura.ne.jp', NULL),
('tcastillohn', 'nyQszkRQBP', 'ncarpenterhn@exblog.jp', NULL),
('tcastillorh', 'G2yrLW4Ssbiw', 'eramirezrh@un.org', NULL),
('tcrawfordki', 'avOHipEH3', 'jsanderski@sitemeter.com', NULL),
('tcunningham96', 'w0gySQD0p', 'mhenry96@a8.net', NULL),
('tdanielsgh', 'TiCXGutWuc', 'rmorgangh@amazon.co.uk', NULL),
('tdiazoz', '6MaeIOv', 'aharveyoz@economist.com', NULL),
('tfernandez2r', 'sKC5cgTIu', 'mburke2r@xinhuanet.com', NULL),
('tfernandez9e', 'mBshppeAL', 'redwards9e@nationalgeographic.com', NULL),
('tharveyb5', 'n6hMqw1', 'ctaylorb5@samsung.com', NULL),
('thawkinsoq', 'bCCHrgCbmzw', 'darnoldoq@un.org', NULL),
('thicksre', 'cWOXmMJglO', 'hshawre@linkedin.com', NULL),
('thughes4t', 'lurnT3aVeYOd', 'freed4t@tamu.edu', NULL),
('tkennedyf5', 'GNJQ03d', 'pgutierrezf5@state.tx.us', NULL),
('tparkerrn', 'N2w9dR2', 'brobertsrn@sourceforge.net', NULL),
('tpeterson2u', '6ZbV4inRG2I2', 'smorrison2u@prnewswire.com', NULL),
('tpetersonr7', 'bOV8uCq', 'ncampbellr7@naver.com', NULL),
('tramirezih', '1S1xkZ2', 'mgrantih@yandex.ru', NULL),
('treedpf', '2DGya8lysuJ6', 'rraypf@techcrunch.com', NULL),
('treidi8', 'jMoetXLg', 'lgardneri8@alexa.com', NULL),
('trice5t', 'FOsJYUYP', 'brodriguez5t@redcross.org', NULL),
('triley7n', 'CXvbmkf3', 'bortiz7n@addtoany.com', NULL),
('ttaylorge', 'FIJrpSDf1Ns', 'dtaylorge@51.la', NULL),
('tthompson9p', 'fEFWj0Uwpl5e', 'gspencer9p@wix.com', NULL),
('tweaverk1', 'plhjSwQo2bj6', 'wknightk1@parallels.com', NULL),
('twelchgm', 'cn6Ceq', 'llopezgm@netvibes.com', NULL),
('varmstrongqd', 'RMOXnCY4OMv', 'ewatkinsqd@slideshare.net', NULL),
('vbowmancv', 'jYYPgOchAIpz', 'mortizcv@wired.com', NULL),
('vdixon71', 'SXoVDK', 'egordon71@icio.us', NULL),
('vgarciagn', 'r1lwgN', 'lstonegn@ovh.net', NULL),
('vhenderson6x', 'ZcTWR0S5xO', 'dwelch6x@vk.com', NULL),
('vlarson3e', 'k02wP0', 'slee3e@craigslist.org', NULL),
('vmendoza1y', 'zt0nLUcWBX5z', 'tharper1y@gravatar.com', NULL),
('vmoored3', 'F4ZdxspQH', 'jramosd3@tumblr.com', NULL),
('vsanchezgr', 'crJRxJx3m', 'jhughesgr@nhs.uk', NULL),
('vsanderspa', 'D2cDBmSN8yy', 'lreedpa@ustream.tv', NULL),
('vwheeler8j', 'UqZ354', 'athomas8j@acquirethisname.com', NULL),
('vwoodqc', 'ZqJZulxP5RJz', 'tholmesqc@networksolutions.com', NULL),
('vwoods9u', 'N4kuy5SCcl', 'dellis9u@pen.io', NULL),
('wadamsbu', 'NUQ9oxF', 'sboydbu@vistaprint.com', NULL),
('wblack1m', 'mn40KdV', 'rfrazier1m@example.com', NULL),
('wcooklu', 'HYXEK4o', 'jwheelerlu@fastcompany.com', NULL),
('wcrawford74', 'nBqAsUJd8XBu', 'bhenderson74@yahoo.com', NULL),
('wdunncw', 'd7S11TyPnP', 'cleecw@amazon.co.uk', NULL),
('wfordnw', 'zPR40QVDxUho', 'hgraynw@nymag.com', NULL),
('wgriffin8o', 'x6xXIJ', 'mphillips8o@slate.com', NULL),
('whamiltonkl', 'K12b6de78', 'kmartinezkl@shareasale.com', NULL),
('wharvey5u', 'fRxIr9', 'medwards5u@google.ca', NULL),
('wjohnstonpb', 'kSS434rQAmA', 'bmorrisonpb@rakuten.co.jp', NULL),
('wkelleybp', 'fujPi4KcAF', 'tsanchezbp@aboutads.info', NULL),
('wknight46', 'JCNLpccyZ', 'bmurray46@spotify.com', NULL),
('wmurphyj1', 'NYAHHXCj', 'rwillisj1@yellowbook.com', NULL),
('woliverbh', 'HWpdb4AhF1', 'areidbh@devhub.com', NULL),
('wpayneon', 'z8g8bxKorNIb', 'jcollinson@geocities.com', NULL),
('wpetersonll', 't2PSH7LVjjfn', 'srobinsonll@cdbaby.com', NULL),
('wrobinsonfq', 'SQewrGUfNK', 'rbutlerfq@symantec.com', NULL),
('wryan2k', 'FtWr7w', 'jsanders2k@adobe.com', NULL),
('wsullivanfr', 'dFEtvBo', 'tpattersonfr@go.com', NULL),
('wsullivanjr', 'Inh05pS', 'estewartjr@cloudflare.com', NULL),
('wwallace22', 'qSo8TUMf', 'jfranklin22@sitemeter.com', NULL),
('wwatsonkw', 'FWsoIIHzylA0', 'kvasquezkw@noaa.gov', NULL);

-- --------------------------------------------------------

--
-- Table structure for table `notation`
--

CREATE TABLE IF NOT EXISTS `notation` (
  `idRecette` int(11) NOT NULL,
  `pseudo` varchar(255) NOT NULL,
  `dateNote` date NOT NULL,
  `noteDonnee` float NOT NULL,
  `commentaireNote` varchar(10000) NOT NULL,
  PRIMARY KEY (`idRecette`,`pseudo`),
  KEY `fk_pseudo_NOTATION` (`pseudo`)
) ENGINE=InnoDB DEFAULT CHARSET=utf8;

--
-- Dumping data for table `notation`
--

INSERT INTO `notation` (`idRecette`, `pseudo`, `dateNote`, `noteDonnee`, `commentaireNote`) VALUES
(25, 'laura', '2015-05-30', 5, 'Cette quiche a été un vrai succès ! je la referai ! '),
(25, 'mathieu', '2015-05-30', 4, 'Super recette, facile à réaliser ! '),
(25, 'sylvie', '2015-05-30', 3, 'J''ai connu des meilleures recettes que celle-ci, même si ce n''est pas mauvais'),
(27, 'laura', '2015-05-30', 3, 'Assez simple à faire mais un peu trop sec à mon gout'),
(29, 'laura', '2015-05-30', 4, 'Bonne recette !'),
(29, 'mathieu', '2015-05-30', 5, 'J''ai adoré, donc je recommande !'),
(29, 'piupiu34', '2015-06-01', 4, 'Vraiment très bonne recette, merci ! '),
(29, 'sylvie', '2015-05-30', 4, 'Tout simplement très bon et pas très difficile à réaliser !'),
(30, 'laura', '2015-05-30', 5, 'Je confirme les commentaires précédents, ces ramequins sont délicieux et pas si difficile que cela à réaliser !'),
(30, 'mathieu', '2015-05-30', 4, 'Un pur délice !'),
(30, 'sylvie', '2015-05-30', 5, 'Première fois que je testais cette recette, et le moins que l''on puisse dire c''est que mes invités ont adoré ! '),
(31, 'laura', '2015-05-30', 4, 'Pas mal du tout cette recette !');

--
-- Triggers `notation`
--
DROP TRIGGER IF EXISTS `trigger_noteGlobale`;
DELIMITER //
CREATE TRIGGER `trigger_noteGlobale` AFTER INSERT ON `notation`
 FOR EACH ROW UPDATE recette
SET noteGlobale = (SELECT AVG(noteDonnee) FROM notation WHERE notation.idRecette = recette.idRecette)
WHERE recette.idRecette = NEW.idRecette
//
DELIMITER ;

-- --------------------------------------------------------

--
-- Table structure for table `recette`
--

CREATE TABLE IF NOT EXISTS `recette` (
  `idRecette` int(11) NOT NULL AUTO_INCREMENT,
  `nomRecette` varchar(255) NOT NULL,
  `imageRecette` varchar(255) DEFAULT NULL,
  `descriptif` varchar(20000) NOT NULL,
  `tempsPreparation` int(11) NOT NULL,
  `tempsCuisson` int(11) NOT NULL,
  `nbPersonnes` int(11) NOT NULL,
  `noteGlobale` float DEFAULT NULL,
  `idCategorie` int(11) NOT NULL,
  `pseudo` varchar(255) NOT NULL,
  PRIMARY KEY (`idRecette`),
  KEY `fk_idCategorie_RECETTE` (`idCategorie`),
  KEY `fk_pseudo_RECETTE` (`pseudo`)
) ENGINE=InnoDB  DEFAULT CHARSET=utf8 AUTO_INCREMENT=34 ;

--
-- Dumping data for table `recette`
--

INSERT INTO `recette` (`idRecette`, `nomRecette`, `imageRecette`, `descriptif`, `tempsPreparation`, `tempsCuisson`, `nbPersonnes`, `noteGlobale`, `idCategorie`, `pseudo`) VALUES
(25, 'Quiche tomate, jambon, chèvre', 'image25.jpg', 'Préchauffer le four à 180°C. \r\n\r\nEtaler la pâte brisée dans un moule à tarte. \r\n\r\nDisposer le jambon coupé en dés ou en morceaux, y ajouter des morceaux de fromage de chèvre et terminer par les tomates coupées en tranches. \r\n\r\nBattre avec une fourchette les oeufs, y ajouter la crème liquide, ainsi que le sel, le poivre et le persil. \r\n\r\nVerser cette préparation sur la quiche et parsemer du gruyère râpé. \r\n\r\nIl ne reste plus qu''à enfourner et laisser cuire environ 30 mn jusqu''à ce que la quiche soit bien dorée. \r\n\r\nVous pouvez accompagner cette quiche d''une salade verte avec des cerneaux de noix. \r\n\r\nBon appétit.', 20, 30, 8, 3.75, 1, 'gaetan'),
(27, 'Cake aux courgettes', 'image27.jpg', 'Lavez les courgettes. Epluchez une\r\n\r\nbande sur deux et coupez-les en fines lamelles.\r\n\r\nFaites-les rissoler à la poêle environs 5 mn avec 1 cuilère à soupe d''huile d''olive.\r\n\r\nPréchauffez le four à thermostat 5/6 (180/200°C). Beurrez un moule à cake.\r\n\r\nDans un saladier, battez à la fourchette les oeufs, la crème, la ciboulette ciselée, le sel et le poivre.\r\n\r\nVersez les courgettes et la préparation dans le moule à cake et faites cuire environ 25 mn.', 15, 30, 6, 3, 1, 'gaetan'),
(28, 'Blanquette de veau', 'image28.jpg', 'Faire revenir la viande dans du beurre jusqu''à ce que les morceaux soient un peu dorés. Saupoudrer de 2 cuillères de farine. \r\n\r\nBien remuer. Ajouter 2 ou 3 verres d''eau et remuer. \r\n\r\nAjouter les 2 cubes de bouillon. Ajouter le vin et couvrir d''eau. \r\n\r\nCouper les carottes en rondelles et les oignons, puis les ajouter, ainsi que les champignons. \r\n\r\nLaisser mijoter à feu très doux environ 1h30 à 2h00 en remuant. \r\n\r\nSi nécessaire, rajouter de l''eau de temps en temps. \r\n\r\nDans un bol, bien mélanger la crème fraîche, le jaune d''oeuf et du jus de citron. Ajouter ce mélange au dernier moment, bien remuer et servir tout de suite.', 15, 120, 4, NULL, 2, 'gaetan'),
(29, 'Filet mignon en croute', 'image29.jpg', 'Emincer les oignons et les faire revenir dans une sauteuse avec du beurre. Les retirer, et faire revenir la viande de chaque côté, laisser cuire 10 mn à feu doux et ajouter les oignons pendant 5 mn. Saler, poivrer. Réserver.\r\n\r\nDérouler les pâtes feuilletées. Dépoer sur chaque pâte deux tranches de jambon et 100 g de gruyère. Saler et poivrer.\r\n\r\nY déposer un filet dans chaque pâte, ainsi que sa sauce aux oignons. Replier la pâte autour de la viande et fermer à l''aide du jaune d''oeuf et d''un pinceau.\r\n\r\nCuire 45 mn sur 200°C.', 15, 45, 6, 4.25, 2, 'gaetan'),
(30, 'Ramequins fondants au chocolat', 'image30.jpg', 'Faites fondre dans une casserole le chocolat et le beurre, en remuant régulièrement pour former une pâte homogène et onctueuse.\r\n\r\nDans un saladier, mélangez les oeufs, le sucre et la farine. Incorporez la préparation chocolatée, et mélangez.\r\n\r\nVersez 1/3 de la préparation dans des ramequins individuels. Déposez deux carrés de chocolat dans chacun des 4 ramequins, puis recouvrez-les avec le reste de la préparation chocolatée.\r\n\r\nPlacez les ramequins au four (thermostat 7 / 210°C), pendant environ 12 min, pas plus!\r\n\r\nDégustez de préférence chauds ou tièdes.', 10, 12, 4, 4.66667, 3, 'gaetan'),
(31, 'Tiramisu', 'image31.jpg', 'Séparer les blancs des jaunes. Mélanger les jaunes + sucre + sucre vanillé. Ajouter le mascarpone au fouet.\r\n\r\nMonter les blancs en neige et les incorporer délicatement à la spatule au mélange précédent.\r\n\r\nPréparer du café noir.\r\n\r\nMouiller les biscuits dans le café.\r\n\r\nTapisser le fond du moule avec les biscuits. Recouvrir d''une couche de crème, œuf, sucre, mascarpone. Alterner biscuits et crème.\r\n\r\nTerminer par une couche de crème. Saupoudrer de cacao.\r\n\r\nMettre au réfrigérateur 4 heures minimum.', 15, 0, 8, 3.5, 3, 'gaetan');

--
-- Triggers `recette`
--
DROP TRIGGER IF EXISTS `trigger_verifTempsRecette`;
DELIMITER //
CREATE TRIGGER `trigger_verifTempsRecette` BEFORE INSERT ON `recette`
 FOR EACH ROW BEGIN
	IF NEW.tempsPreparation = 0 AND NEW.tempsCuisson = 0 THEN 
   		UPDATE recette SET tempsPreparation = NULL AND tempsCuisson = NULL WHERE idRecette = NEW.idRecette;
    END IF;
END
//
DELIMITER ;

--
-- Constraints for dumped tables
--

--
-- Constraints for table `composer`
--
ALTER TABLE `composer`
  ADD CONSTRAINT `fk_idIngredient_COMPOSER` FOREIGN KEY (`idIngredient`) REFERENCES `ingredient` (`idIngredient`) ON DELETE CASCADE,
  ADD CONSTRAINT `fk_idRecette_COMPOSER` FOREIGN KEY (`idRecette`) REFERENCES `recette` (`idRecette`) ON DELETE CASCADE;

--
-- Constraints for table `notation`
--
ALTER TABLE `notation`
  ADD CONSTRAINT `fk_idRecette_NOTATION` FOREIGN KEY (`idRecette`) REFERENCES `recette` (`idRecette`) ON DELETE CASCADE,
  ADD CONSTRAINT `fk_pseudo_NOTATION` FOREIGN KEY (`pseudo`) REFERENCES `membre` (`pseudo`) ON UPDATE CASCADE;

--
-- Constraints for table `recette`
--
ALTER TABLE `recette`
  ADD CONSTRAINT `fk_idCategorie_RECETTE` FOREIGN KEY (`idCategorie`) REFERENCES `categorie` (`idCategorie`) ON DELETE CASCADE,
  ADD CONSTRAINT `fk_pseudo_RECETTE` FOREIGN KEY (`pseudo`) REFERENCES `membre` (`pseudo`) ON UPDATE CASCADE;

/*!40101 SET CHARACTER_SET_CLIENT=@OLD_CHARACTER_SET_CLIENT */;
/*!40101 SET CHARACTER_SET_RESULTS=@OLD_CHARACTER_SET_RESULTS */;
/*!40101 SET COLLATION_CONNECTION=@OLD_COLLATION_CONNECTION */;
